title,slug,excerpt,author,category,read_time,status,content,thumbnail_url,thumbnail_alt
"6 Ways to Snack smarter on the go","6-ways-to-snack-smarter-on-the-go-1","Pack nutritious snacks for traveling to assist you with adhere to a nutritious eating plan on the road and make good choices away from home to control your weight.","FXMed Team","Nutrition & Healthy Eating","5 min read","draft","","",""
"Are You Salad bar savvy?","are-you-salad-bar-savvy-2","Trying to eat a nutritious eating plan? Before you order the salad bar, know which foods to concentrate on and which to steer clear of.","FXMed Team","Nutrition & Healthy Eating","5 min read","draft","","",""
"Getting Into the habit: pack your lunch","getting-into-the-habit-pack-your-lunch-3","Pack a healthy, satisfying brown-bag lunch to save money and fuel your energy with the help of these tips and ideas for packing food and varying options.","FXMed Team","Nutrition & Healthy Eating","5 min read","draft","","",""
"Quick & Healthy: Making Nutrition Effortless","quick-healthy-making-nutrition-effortless-4","To assist you with achieve weight-reduction goals, steer clear of takeout and prepared foods. Make your own fast or portable food that's healthier.","FXMed Team","Nutrition & Healthy Eating","5 min read","draft","","",""
"Making Healthy choices at any restaurant","making-healthy-choices-at-any-restaurant-5","To steer clear of hidden calories in restaurant food, identify which options at each course are healthier and which keywords signal diet-busting dishes.","FXMed Team","Nutrition & Healthy Eating","5 min read","draft","","",""
"6 Ways to Beat your cravings","6-ways-to-beat-your-cravings-6","Gain the ability to manage cravings and beat the urge to binge on sweets or junk food while staying in control of your weight.","FXMed Team","Nutrition & Healthy Eating","5 min read","draft","","",""
"Break 5 habits for weight-loss success","break-5-habits-for-weight-loss-success-7","Challenge yourself to steer clear of common behaviors associated with weight gain for two weeks to change unhealthy patterns and see faster results in your weight reduction.","FXMed Team","Weight Management","5 min read","draft","","",""
"How to eat more and Lose weight","how-to-eat-more-and-lose-weight-8","To shed pounds without feeling hungry or deprived, eat more healthy foods low in energy density.","FXMed Team","Weight Management","5 min read","draft","","",""
"Hunger vs. craving: What's the difference?","hunger-vs-craving-whats-the-difference-9","Gain the ability to tell when you're truly hungry and steer clear of overeating when your food craving is due to emotions, stress or boredom.","FXMed Team","Mental Health & Stress","5 min read","draft","","",""
"Learn how to track your eating habits","learn-how-to-track-your-eating-habits-10","A dietary log can assist you with shed pounds by making it easier to study your diet and find habits that you can change.","FXMed Team","Weight Management","5 min read","draft","","",""
"Mastering Portion Control for Better Health","mastering-portion-control-for-better-health-11","Learning to judge a serving of different foods using visual cues can assist you with keep portions and your diet under control.","FXMed Team","Nutrition & Healthy Eating","5 min read","draft","","",""
"Eating Well Without Breaking the Bank","eating-well-without-breaking-the-bank-12","A nutritious eating plan doesn't have to be expensive. Use these tips to plan affordable meals, shop smarter and recognize where you're saving money.","FXMed Team","Nutrition & Healthy Eating","5 min read","draft","","",""
"Stay hydrated in hot weather","stay-hydrated-in-hot-weather-13","Follow these guidelines for drinking enough fluid when you're exercising or active in warm weather.","FXMed Team","General Wellness","5 min read","draft","","",""
"Making A healthy diet work for you","making-a-healthy-diet-work-for-you-14","Discover general guidelines to make the Mayo Clinic Healthy Weight Pyramid the basis of a flexible, nutritious eating plan you can stick with for any lifestyle.","FXMed Team","Nutrition & Healthy Eating","5 min read","draft","","",""
"3 Reasons to Use a foam roller","3-reasons-to-use-a-foam-roller-15","Follow these tips for self-massage and training with a foam roller -; an affordable device for improving flexibility, core strength and balance.","FXMed Team","Exercise & Fitness","5 min read","draft","","",""
"Building Strength with suspension training","building-strength-with-suspension-training-16","Suspension training brings the added challenge of instability to resistance training, engaging core muscles to perform exercises using suspended straps.","FXMed Team","Exercise & Fitness","5 min read","draft","","",""
"Understanding Your BMI and What It Means","understanding-your-bmi-and-what-it-means-17","Body mass index (BMI) gives a better estimate of your weight status than the scale alone, and it can help determine a healthy weight range for your body.","FXMed Team","Weight Management","5 min read","draft","","",""
"7 Simple, Nutritious Meals Ready in Minutes","7-simple-nutritious-meals-ready-in-minutes-18","These seven nutritious meals come together quickly and easily so you can steer clear of less healthy convenience food when you're short on time.","FXMed Team","Nutrition & Healthy Eating","5 min read","draft","","",""
"Can You Exercise too much?","can-you-exercise-too-much-19","Training too intensely can lead to extreme overreaching or overtraining syndrome and symptoms such as fatigue that halt fitness progress.","FXMed Team","Exercise & Fitness","5 min read","draft","","",""
"7 Delicious Plant-Based Meals That Satisfy","7-delicious-plant-based-meals-that-satisfy-20","Healthy vegetarian meals can pack plenty of protein and fiber to fill you up -; and satisfy a variety of tastes.","FXMed Team","Nutrition & Healthy Eating","5 min read","draft","","",""
"Functional interval training: How to get started","functional-interval-training-how-to-get-started-21","Combine functional fitness exercises in circuits of intense activity with short recovery periods to build strength for everyday activities.","FXMed Team","Exercise & Fitness","5 min read","draft","","",""
"6 Tips to Breaking breakfast barriers","6-tips-to-breaking-breakfast-barriers-22","Breakfast is a key meal that may assist you with manage your weight. Apply these healthy breakfast strategies to get the most out of your morning meal.","FXMed Team","Nutrition & Healthy Eating","5 min read","draft","","",""
"Fast, Nutritious Meals for Your Busiest Days","fast-nutritious-meals-for-your-busiest-days-23","Busy days happen. But you can still keep up your healthy routine by following these tips.","FXMed Team","Nutrition & Healthy Eating","5 min read","draft","","",""
"Eat a rainbow of fruits and Veggies","eat-a-rainbow-of-fruits-and-veggies-24","Sneaking more fruits and vegetables into your days can require creativity. Here's some inspiration.","FXMed Team","General Wellness","5 min read","draft","","",""
"Moderate or Vigorous? Choosing Your Exercise Intensity","moderate-or-vigorous-choosing-your-exercise-intensity-25","Use these tips to determine which activities count as moderate or vigorous aerobic exercise, and include the recommended amount of each in your routine.","FXMed Team","Exercise & Fitness","5 min read","draft","","",""
"Smart Shopping Strategies for Healthier Eating","smart-shopping-strategies-for-healthier-eating-26","Use these tactics to make preparing healthy meals both quick and easy.","FXMed Team","Nutrition & Healthy Eating","5 min read","draft","","",""
"Recipe Makeovers: Healthier Ingredient Swaps","recipe-makeovers-healthier-ingredient-swaps-27","These ingredient swaps are lower in calories and higher in nutrients, so you can make your favorite recipes healthier without sacrificing the taste.","FXMed Team","Nutrition & Healthy Eating","5 min read","draft","","",""
"Dietary fats: Know which types to choose","dietary-fats-know-which-types-to-choose-28","Discover the difference between good and bad dietary fats and adopt these tips for a healthier diet.","FXMed Team","Nutrition & Healthy Eating","5 min read","draft","","",""
"5 Strategies to Improve eating habits","5-strategies-to-improve-eating-habits-29","Add these changes to your daily habits to assist you with make food choices that add up to a nutritious eating plan.","FXMed Team","Nutrition & Healthy Eating","5 min read","draft","","",""
"Sweets: Small is beautiful","sweets-small-is-beautiful-30","Consider healthy ways to satisfy your sweet tooth.","FXMed Team","General Wellness","5 min read","draft","","",""
"Building your stress resilience","building-your-stress-resilience-31","Discover steps you can take to build your resilience.","FXMed Team","Mental Health & Stress","5 min read","draft","","",""
"Understanding your body on stress","understanding-your-body-on-stress-32","Explore how stress can affect how you feel, think and act, and discover how to identify if stress is affecting your health.","FXMed Team","Mental Health & Stress","5 min read","draft","","",""
"Olive oil: What are the health benefits?","olive-oil-what-are-the-health-benefits-33","Choosing olive oil over other fats might improve your health. Here's why.","FXMed Team","General Wellness","5 min read","draft","","",""
"Stock up on these healthy items","stock-up-on-these-healthy-items-34","Eating healthy is all about being prepared. Discover what foods to keep in your fridge and pantry.","FXMed Team","Nutrition & Healthy Eating","5 min read","draft","","",""
"5 Ways to Keep portions in check","5-ways-to-keep-portions-in-check-35","Struggling with portion control? Try these simple tips.","FXMed Team","General Wellness","5 min read","draft","","",""
"8 Time-saving cooking strategies","8-time-saving-cooking-strategies-36","These simple tips will assist you with spend less time in the kitchen.","FXMed Team","General Wellness","5 min read","draft","","",""
"Tips for following a weight-loss plan when you're gluten free","tips-for-following-a-weight-loss-plan-when-youre-gluten-free-37","You can adhere to your weight-reduction plan and steer clear of gluten. Here's how.","FXMed Team","General Wellness","5 min read","draft","","",""
"Protein: How to make healthy choices","protein-how-to-make-healthy-choices-38","Protein is found in many foods, including meat, fish and legumes. Use this guide to discover which options are healthiest.","FXMed Team","Nutrition & Healthy Eating","5 min read","draft","","",""
"5 Tips to A better night's sleep","5-tips-to-a-better-nights-sleep-39","Want to sleep better? You can by making just a few changes to your daily routine.","FXMed Team","Mental Health & Stress","5 min read","draft","","",""
"Manage weight with mindful eating","manage-weight-with-mindful-eating-40","Mindful eating is a weight-reduction strategy that encourages you to slow down and pay attention to what you're eating.","FXMed Team","Nutrition & Healthy Eating","5 min read","draft","","",""
"The key to weight loss: Make a mental shift","the-key-to-weight-loss-make-a-mental-shift-41","Negative self-talk and all-or-nothing thinking can undercut your efforts to shed pounds. Gain the ability to identify and fix these unhelpful habits.","FXMed Team","Weight Management","5 min read","draft","","",""
"The secret to weight-loss success: Set realistic goals","the-secret-to-weight-loss-success-set-realistic-goals-42","Boost your odds of weight-reduction success by setting specific and achievable goals.","FXMed Team","General Wellness","5 min read","draft","","",""
"Understanding your brain on stress","understanding-your-brain-on-stress-43","Discover how your brain is affected by stress to assist you with determine your stress reaction.","FXMed Team","Mental Health & Stress","5 min read","draft","","",""
"What stresses you out?","what-stresses-you-out-44","Stress can have many sources. Identifying your stressors and how they affect you can assist you with take steps toward managing them.","FXMed Team","Mental Health & Stress","5 min read","draft","","",""
"Understand your eating triggers","understand-your-eating-triggers-45","Keep your weight-reduction efforts on track by planning ahead for situations that trigger overeating.","FXMed Team","Nutrition & Healthy Eating","5 min read","draft","","",""
"Practice problem-solving","practice-problem-solving-46","Discover ideas you can use to practice problem-solving and think of solutions for managing your stress.","FXMed Team","Mental Health & Stress","5 min read","draft","","",""
"Retrain your brain","retrain-your-brain-47","Discover how to retrain your brain and focus your attention on the moment.","FXMed Team","General Wellness","5 min read","draft","","",""
"Weight loss: Reignite your motivation","weight-loss-reignite-your-motivation-48","Looking for weight-reduction inspiration? Check out this list of reasons to shed pounds.","FXMed Team","Weight Management","5 min read","draft","","",""
"What will motivate you to lose weight?","what-will-motivate-you-to-lose-weight-49","How can you be successful at losing weight? Doing it for the right reasons. Discover what that means for you.","FXMed Team","General Wellness","5 min read","draft","","",""
"Stay socially connected","stay-socially-connected-50","Discover about the benefits of staying connected with friends and family, and discover some ideas for how to stay in contact.","FXMed Team","General Wellness","5 min read","draft","","",""
"4 Ways to Make new habits stick","4-ways-to-make-new-habits-stick-51","You've started making healthy changes in your diet and exercise habits. Now discover how to make them stick.","FXMed Team","Nutrition & Healthy Eating","5 min read","draft","","",""
"Eat for well-being","eat-for-well-being-52","Your dietary behaviors can change when you're stressed. Think about what and how you eat when you're stressed, and take steps to make healthy choices.","FXMed Team","Mental Health & Stress","5 min read","draft","","",""
"8 Yoga practices to Busy people","8-yoga-practices-to-busy-people-53","Sneaking a few yoga poses or practices into your day can make an impact on your mood and stress level.","FXMed Team","Mental Health & Stress","5 min read","draft","","",""
"Break free from less healthy eating habits","break-free-from-less-healthy-eating-habits-54","Reversing less healthy dietary behaviors is possible if you concentrate on small, doable changes. Try these tips.
","FXMed Team","Nutrition & Healthy Eating","5 min read","draft","","",""
"6 Myths about meditation","6-myths-about-meditation-55","Discover how to start reaping the benefits of meditation today.","FXMed Team","General Wellness","5 min read","draft","","",""
"5 Tips to Loving your body more","5-tips-to-loving-your-body-more-56","A negative self-image can sabotage your weight-reduction efforts. Shape up your body image with these tips.","FXMed Team","General Wellness","5 min read","draft","","",""
"8 Solutions to Healthy-eating roadblocks","8-solutions-to-healthy-eating-roadblocks-57","Don't like to cook? Can't resist junk food? Try these practical ways to overcome your biggest healthy-eating challenges.","FXMed Team","Nutrition & Healthy Eating","5 min read","draft","","",""
"Dealing with unexpected events","dealing-with-unexpected-events-58","Explore healthy ways to cope with life's challenges.","FXMed Team","General Wellness","5 min read","draft","","",""
"Handling holiday stress","handling-holiday-stress-59","The holidays can be overwhelming. Here's help pacing yourself and remembering what's important.","FXMed Team","Mental Health & Stress","5 min read","draft","","",""
"Refresh with relaxation","refresh-with-relaxation-60","Understand different techniques that can assist you with relax.","FXMed Team","General Wellness","5 min read","draft","","",""
"8 Fun family-fitness ideas","8-fun-family-fitness-ideas-61","Regular physical activity is important for children and adolescents for health and fitness. Try these tips to get your family moving.","FXMed Team","Exercise & Fitness","5 min read","draft","","",""
"Sitting meditation exercises for beginners","sitting-meditation-exercises-for-beginners-62","Start a meditation practice by following these simple steps.","FXMed Team","Exercise & Fitness","5 min read","draft","","",""
"Healthy eating: Make it a family affair","healthy-eating-make-it-a-family-affair-63","You want to eat healthier but you're not sure your family will cooperate. Introduce changes slowly and try these family-friendly tips.","FXMed Team","Nutrition & Healthy Eating","5 min read","draft","","",""
"Tips for coping with stress at work","tips-for-coping-with-stress-at-work-64","Get ideas you can use to improve your workplace experience and cope with stress at work.","FXMed Team","Mental Health & Stress","5 min read","draft","","",""
"Is your social circle supportive?","is-your-social-circle-supportive-65","Don’t let your friends foil your healthy eating and exercise habits. Create a support system for long-term success.","FXMed Team","Nutrition & Healthy Eating","5 min read","draft","","",""
"5 Tips to Make tracking easier","5-tips-to-make-tracking-easier-66","Recording your food and activities each day doesn't have to be burdensome. Use these tips to make tracking a breeze.","FXMed Team","Nutrition & Healthy Eating","5 min read","draft","","",""
"Are You Getting quality sleep?","are-you-getting-quality-sleep-67","Quality matters as much as quantity when it comes to your sleep. Discover how to spot the signs of poor sleep.","FXMed Team","Mental Health & Stress","5 min read","draft","","",""
"6 Good reasons to Track your food and fitness","6-good-reasons-to-track-your-food-and-fitness-68","Keeping track of all the foods you eat and activities you do may seem daunting, but tracking can assist you with reach your goals. Discover how.","FXMed Team","Nutrition & Healthy Eating","5 min read","draft","","",""
"Know the signs of a sleep disorder","know-the-signs-of-a-sleep-disorder-69","Sleepiness and snoring can be serious. Understand when common sleep disturbances are signs of a sleep disorder.","FXMed Team","Mental Health & Stress","5 min read","draft","","",""
"Sleep and Weight: what's the connection?","sleep-and-weight-whats-the-connection-70","Getting a good night's sleep may assist you with steer clear of weight gain, and a healthy weight may assist you with sleep better.","FXMed Team","Mental Health & Stress","5 min read","draft","","",""
"Why sleep matters","why-sleep-matters-71","Sleep deprivation takes a toll on your health. Discover the many ways sleep matters to your health and well-being.","FXMed Team","Mental Health & Stress","5 min read","draft","","",""
"How to set SMART goals","how-to-set-smart-goals-72","Setting SMART goals can keep you motivated and increase your odds of success. Discover how.","FXMed Team","General Wellness","5 min read","draft","","",""
"What to eat and Drink for better sleep","what-to-eat-and-drink-for-better-sleep-73","What you eat and drink before bedtime can make a difference in both how long and how well you sleep.","FXMed Team","Mental Health & Stress","5 min read","draft","","",""
"10 Tips to Get your family moving!","10-tips-to-get-your-family-moving-74","Put fun in fitness and get everyone excited about physical activity. No one will even realize it counts as exercise!","FXMed Team","Exercise & Fitness","5 min read","draft","","",""
"5 Things to do to Better sleep","5-things-to-do-to-better-sleep-75","Don't deny yourself restorative sleep. Try these tips to fall asleep and stay asleep.","FXMed Team","Mental Health & Stress","5 min read","draft","","",""
"Keep a sleep diary","keep-a-sleep-diary-76","A sleep diary may be the first step to a better night's sleep. Discover how to track your sleep habits.","FXMed Team","Mental Health & Stress","5 min read","draft","","",""
"The benefits of quitting smoking","the-benefits-of-quitting-smoking-77","Within 20 minutes of quitting smoking, your body starts to recover. Don't wait any longer to reap the health benefits of going tobacco-free.","FXMed Team","Smoking Cessation","5 min read","draft","","",""
"Prepare for your quit date","prepare-for-your-quit-date-78","Successful quitting is a matter of planning and commitment, not luck. Start making your plan now.","FXMed Team","General Wellness","5 min read","draft","","",""
"Survive your quit day","survive-your-quit-day-79","Your quit day is almost here. Plan now for how to make it a success.","FXMed Team","General Wellness","5 min read","draft","","",""
"Stay smoke-free","stay-smoke-free-80","You've gotten through the first weeks without smoking. Build on that success to stay smoke-free for the long term.","FXMed Team","Smoking Cessation","5 min read","draft","","",""
"How medications can help you quit smoking","how-medications-can-help-you-quit-smoking-81","Quit-smoking medicines lessen cravings and withdrawal symptoms -; making it more likely that you'll stop smoking for good.","FXMed Team","Smoking Cessation","5 min read","draft","","",""
"How to measure exercise intensity","how-to-measure-exercise-intensity-82","Want to know just how hard you're working? Here's how to discover.","FXMed Team","Exercise & Fitness","5 min read","draft","","",""
"How your doctor can help you quit smoking","how-your-doctor-can-help-you-quit-smoking-83","Looking for help to quit smoking? Tap into support and medication with a visit to your doctor.","FXMed Team","Smoking Cessation","5 min read","draft","","",""
"Nicotine replacement therapy: safe and Effective","nicotine-replacement-therapy-safe-and-effective-84","Nicotine replacement therapy doubles your odds of quitting. It does this by lessening the intensity of nicotine cravings.","FXMed Team","General Wellness","5 min read","draft","","",""
"Walk for weight loss: Try these tips","walk-for-weight-loss-try-these-tips-85","Want to step it up a notch? Start with this walking schedule and keep building as you get more fit.","FXMed Team","Weight Management","5 min read","draft","","",""
"Line up support to help you quit","line-up-support-to-help-you-quit-86","Ask family, friends and co-workers to support your effort to quit smoking.","FXMed Team","Smoking Cessation","5 min read","draft","","",""
"Strategies for staying smoke-free","strategies-for-staying-smoke-free-87","Everyone makes mistakes, but don't let a slip become a slide back into smoking.","FXMed Team","Smoking Cessation","5 min read","draft","","",""
"Action guide to dealing with triggers","action-guide-to-dealing-with-triggers-88","To stay tobacco-free, identify your triggers and make a plan to for how to deal with them.","FXMed Team","Smoking Cessation","5 min read","draft","","",""
"6 Suggestions to Indoor exercise","6-suggestions-to-indoor-exercise-89","Sometimes exercising indoors is your only option, but it doesn't have to be boring. Keep workouts interesting with these ideas.","FXMed Team","Exercise & Fitness","5 min read","draft","","",""
"Beat boredom with these fitness tips","beat-boredom-with-these-fitness-tips-90","Stuck in an exercise rut? These tips will get you excited to lace up your sneakers!","FXMed Team","Exercise & Fitness","5 min read","draft","","",""
"Outdoor exercise: 8 smart tips","outdoor-exercise-8-smart-tips-91","Follow these precautions when you're exercising outside.","FXMed Team","Exercise & Fitness","5 min read","draft","","",""
"Prevent and Cope with lapses","prevent-and-cope-with-lapses-92","Once you've gotten past the physical craving for nicotine, staying smoke-free depends on managing situations you associate with smoking.","FXMed Team","Senior Health","5 min read","draft","","",""
"5 Reasons to Strength train","5-reasons-to-strength-train-93","Define your weight-reduction goals and reap the benefits of strength training. Getting started is easy.","FXMed Team","Exercise & Fitness","5 min read","draft","","",""
"Preventing a relapse","preventing-a-relapse-94","Don't let a slip become a relapse. Use these techniques to recommit to staying tobacco-free.","FXMed Team","Smoking Cessation","5 min read","draft","","",""
"Aerobic exercise 101: benefits and Tips","aerobic-exercise-101-benefits-and-tips-95","Get the facts about cardiovascular exercise and which activities can benefit your heart, assist you with shed pounds, fight disease and more!","FXMed Team","Weight Management","5 min read","draft","","",""
"Stress-coping strategies","stress-coping-strategies-96","Understand the connection between stress and smoking -; and what you can do to break it.","FXMed Team","Mental Health & Stress","5 min read","draft","","",""
"Stop smoking: Tips to avoid weight gain","stop-smoking-tips-to-avoid-weight-gain-97","Don't let a fear of gaining weight stop you from quitting smoking.","FXMed Team","Smoking Cessation","5 min read","draft","","",""
"5 Compelling exercise benefits to Men","5-compelling-exercise-benefits-to-men-98","Exercise may have some surprising health benefits for men, including better sleep, lower cancer risk and longer life.","FXMed Team","Mental Health & Stress","5 min read","draft","","",""
"What exactly is metabolism?","what-exactly-is-metabolism-99","A 'slow metabolism' may only be part of your weight reduction story. Get the facts on what affects your metabolism.","FXMed Team","Weight Management","5 min read","draft","","",""
"4 Things to look to In a fitness buddy","4-things-to-look-to-in-a-fitness-buddy-100","Partnering up can help keep you accountable and make exercise more fun. Here's how to find the right workout pal.","FXMed Team","Exercise & Fitness","5 min read","draft","","",""
"Can I order my favorite foods without derailing my diet?","can-i-order-my-favorite-foods-without-derailing-my-diet-101","Enjoy occasional treats while dining out as part of a nutritious eating plan by limiting portions and extra calories and making favorite foods healthier.","FXMed Team","Nutrition & Healthy Eating","5 min read","draft","","",""
"Add 5 habits to kick-start your weight loss","add-5-habits-to-kick-start-your-weight-loss-102","Make positive changes to your routine by developing healthy behaviors that will fuel your body and support weight reduction or weight management.","FXMed Team","Weight Management","5 min read","draft","","",""
"Maximize your diet results: Adopt 5 bonus habits","maximize-your-diet-results-adopt-5-bonus-habits-103","Along with basic nutritious eating plan habits, adopting additional behaviors can support and enhance your efforts to shed pounds.","FXMed Team","Weight Management","5 min read","draft","","",""
"Eat these foods: The Healthy Weight Pyramid","eat-these-foods-the-healthy-weight-pyramid-104","The Mayo Clinic Healthy Weight Pyramid gives a general idea of how much and what to eat in a healthy and satisfying diet for weight reduction or weight control.","FXMed Team","Weight Management","5 min read","draft","","",""
"Everyday ways to eat more fruits and Vegetables","everyday-ways-to-eat-more-fruits-and-vegetables-105","Increasing the amount of fruits and vegetables in your diet can be as easy as snacking on fruit or throwing veggies into your scrambled eggs.","FXMed Team","Nutrition & Healthy Eating","5 min read","draft","","",""
"Foolproof stress relievers","foolproof-stress-relievers-106","Improve your quality of life and stress less with these effective ideas.","FXMed Team","Mental Health & Stress","5 min read","draft","","",""
"When friends and Family sabotage your diet efforts","when-friends-and-family-sabotage-your-diet-efforts-107","Don't let the people closest to you undermine your weight-reduction efforts. Stay on course with these tips.","FXMed Team","Nutrition & Healthy Eating","5 min read","draft","","",""
"Social support: A necessity for weight loss","social-support-a-necessity-for-weight-loss-108","Finding support for your weight-reduction efforts can mean the difference between success and failure. Build your team with these ideas.","FXMed Team","Weight Management","5 min read","draft","","",""
"Exercise intensity: How hard are you working?","exercise-intensity-how-hard-are-you-working-109","When you're moving, make it count! Increase calorie burn by stepping it up a notch.","FXMed Team","Exercise & Fitness","5 min read","draft","","",""
"Pack physical activity into your vacation","pack-physical-activity-into-your-vacation-110","There are plenty of opportunities to fit in fitness and make it fun no matter where you are!","FXMed Team","Exercise & Fitness","5 min read","draft","","",""
"Stay fit and Active this holiday","stay-fit-and-active-this-holiday-111","Exercise can assist you with manage the impact of holiday indulgences and stress.","FXMed Team","Mental Health & Stress","5 min read","draft","","",""
"Track your activity","track-your-activity-112","For fitness motivation, keep track of your movement with a pedometer, a wearable activity tracker or an app to suit your budget and needs.","FXMed Team","Exercise & Fitness","5 min read","draft","","",""
"Balance basics: tips for staying fit and Active","balance-basics-tips-for-staying-fit-and-active-113","Your ability to balance is key for maintaining a healthy, functioning body. Here's why -; and how you can improve your balance.","FXMed Team","General Wellness","5 min read","draft","","",""
"Burn extra calories with daily activities","burn-extra-calories-with-daily-activities-114","Daily chores and tasks can add up to offer big health benefits. Discover just how effective your everyday movements really are.","FXMed Team","General Wellness","5 min read","draft","","",""
"Flexibility: Stretch your way to better health","flexibility-stretch-your-way-to-better-health-115","Stretching can do more than just ease sore muscles. Get ready to reap the health benefits of regular stretching with these pointers.","FXMed Team","General Wellness","5 min read","draft","","",""
"Move more, burn more: The calorie breakdown","move-more-burn-more-the-calorie-breakdown-116","Aerobic activity and strength training are crucial for preventing weight gain and maintaining weight reduction. Get the right mix with these guidelines.","FXMed Team","Weight Management","5 min read","draft","","",""
"Physical activity: 6 tips for getting started","physical-activity-6-tips-for-getting-started-117","Feel better by moving more with these steps to increase your physical activity level.","FXMed Team","General Wellness","5 min read","draft","","",""
"Combat muscle loss with these training tips","combat-muscle-loss-with-these-training-tips-118","Progressive strength training can help combat muscle loss, build strength, and reduce the risk of obesity and disease.","FXMed Team","Weight Management","5 min read","draft","","",""
"Feeling tired? Physical activity can help","feeling-tired-physical-activity-can-help-119","Think exercise only makes you tired? Think again. Regular physical activity can boost energy levels throughout the day.","FXMed Team","Exercise & Fitness","5 min read","draft","","",""
"Find your fitness soundtrack","find-your-fitness-soundtrack-120","Discover how music can pump up your workout -; plus how to choose the right songs and listen safely indoors and out.","FXMed Team","Exercise & Fitness","5 min read","draft","","",""
"Tips to help excited children sleep","tips-to-help-excited-children-sleep-121","Excitement about fun events, such as vacations or birthday parties, can make it hard for your child to sleep. Here's how you can help.","FXMed Team","Mental Health & Stress","5 min read","draft","","",""
"Balance after-work social events with physical activity","balance-after-work-social-events-with-physical-activity-122","When work drifts beyond your scheduled hours, it can be tough to find time to exercise. But with the right approach, fitness can enhance your work life -; and vice versa.","FXMed Team","Exercise & Fitness","5 min read","draft","","",""
"5 Ways to Help your child stop wetting the bed","5-ways-to-help-your-child-stop-wetting-the-bed-123","Nighttime bed-wetting can be a challenge for both children and their parents. Try these strategies for helping your child stay dry.","FXMed Team","General Wellness","5 min read","draft","","",""
"Find your inner motivation","find-your-inner-motivation-124","There are lots of reasons to exercise. But what's most likely to propel you from ideas to action is the motivation that comes from deep inside.","FXMed Team","Exercise & Fitness","5 min read","draft","","",""
"Work out and Get fit with friends","work-out-and-get-fit-with-friends-125","One secret of faithful exercisers:  They work out with friends. Discover how you can make time for fitness, and a social life too.","FXMed Team","Exercise & Fitness","5 min read","draft","","",""
"Exercise and Joint stress","exercise-and-joint-stress-126","Joint pain can make you want to move less -; but that can increase stiffness and discomfort. Discover how exercise can help, and how to do it safely.","FXMed Team","Mental Health & Stress","5 min read","draft","","",""
"7 Ways to create a safe sleep haven to Your child","7-ways-to-create-a-safe-sleep-haven-to-your-child-127","A safe and soothing sleep environment can help your child fall asleep and stay asleep. Use these simple strategies to create this space in your home.","FXMed Team","Mental Health & Stress","5 min read","draft","","",""
"Choosing a fitness center","choosing-a-fitness-center-128","Discover what questions to ask when shopping for a fitness center so that you can choose a facility that puts you on the path to results.","FXMed Team","Exercise & Fitness","5 min read","draft","","",""
"6 Ways to Ease the fear of childhood nightmares","6-ways-to-ease-the-fear-of-childhood-nightmares-129","Almost all children experience occasional nightmares. Understand what causes bad dreams, and how you can help relieve your child's distress.","FXMed Team","Mental Health & Stress","5 min read","draft","","",""
"Travel and Workouts","travel-and-workouts-130","Business travel can take a toll on an exercise routine. But it can also mean new opportunities for fitness. Discover how to fit in workouts on the road.","FXMed Team","Exercise & Fitness","5 min read","draft","","",""
"10 Ways to stop stress to Better sleep","10-ways-to-stop-stress-to-better-sleep-131","From making your bed to banning electronics from your bedroom, use these tips to manage your stress and get a good night's sleep.","FXMed Team","Mental Health & Stress","5 min read","draft","","",""
"15 Ways to manage your life to Better sleep","15-ways-to-manage-your-life-to-better-sleep-132","Today's fast-paced life can make it difficult to get the sleep you need. Discover specific strategies you can do today to improve your sleep.","FXMed Team","Mental Health & Stress","5 min read","draft","","",""
"A family sleep routine makes bedtime a breeze","a-family-sleep-routine-makes-bedtime-a-breeze-133","Healthy sleep is important for everyone in the family. Discover ways to set a routine that will make bedtime better for the whole family.","FXMed Team","Mental Health & Stress","5 min read","draft","","",""
"Addressing allergies improves sleep","addressing-allergies-improves-sleep-134","Allergies can disturb your breathing and rob you of a good night's sleep. Simple strategies can assist you with manage allergies and improve sleep.","FXMed Team","Mental Health & Stress","5 min read","draft","","",""
"Aging and Sleep: why you don't sleep like you used to","aging-and-sleep-why-you-dont-sleep-like-you-used-to-135","Sleepless nights aren't a normal part of aging. Discover how sleep patterns change as you age and what you can do to get the rest you need.","FXMed Team","Mental Health & Stress","5 min read","draft","","",""
"3 Tools to Practice forgiveness","3-tools-to-practice-forgiveness-136","Forgiveness ultimately benefits you - releasing you from the power the offender holds over you and freeing you from pain. The next time you find yourself hurt by someone's actions, see if you can use these tools to practice forgiveness.","FXMed Team","Pain Management","5 min read","draft","","",""
"Alcohol affects sleep in surprising ways","alcohol-affects-sleep-in-surprising-ways-137","Wine or beer at night might assist you with nod off, but booze before bedtime can make you toss and turn later in the night. Know how alcohol affects your sleep. ","FXMed Team","Mental Health & Stress","5 min read","draft","","",""
"5 Simple strategies to Become more mindful","5-simple-strategies-to-become-more-mindful-138","Ease stress with these five mindfulness strategies that you can practice almost anytime and anywhere.","FXMed Team","Mental Health & Stress","5 min read","draft","","",""
"3 Mindfulness meditations to Reduce stress","3-mindfulness-meditations-to-reduce-stress-139","Set aside time each day to reap the most benefit from these stress-busting mindfulness meditation exercises.","FXMed Team","Mental Health & Stress","5 min read","draft","","",""
"All about sleep disorders","all-about-sleep-disorders-140","Noticing changes in your sleep patterns? It could be a sleep disorder. Explore sleep disorder symptoms and treatments.","FXMed Team","Mental Health & Stress","5 min read","draft","","",""
"Caregiver stress: Take care of yourself first","caregiver-stress-take-care-of-yourself-first-141","If you're like a lot of caregivers, you probably take better care of your loved one than yourself. But you won't be much help to your loved one if you don't take care of yourself and your own health deteriorates.","FXMed Team","Mental Health & Stress","5 min read","draft","","",""
"Better sleep may help cure headaches","better-sleep-may-help-cure-headaches-142","Headaches and sleep are closely linked. Discover how managing sleep problems can help prevent or ease some headaches.","FXMed Team","Mental Health & Stress","5 min read","draft","","",""
"Communicate effectively","communicate-effectively-143","Try these ideas to improve the way you communicate. A few simple tactics can assist you with communicate effectively and skillfully manage stressful situations.","FXMed Team","Mental Health & Stress","5 min read","draft","","",""
"Components of a resilient mindset","components-of-a-resilient-mindset-144","Resilience is the ability to withstand hardships, bounce back from adversity and grow despite life's downturns. Discover how to use gratitude, compassion, acceptance, meaning and forgiveness to increase your resilience.","FXMed Team","General Wellness","5 min read","draft","","",""
"Daylight saving: don't let the time change spoil your sleep","daylight-saving-dont-let-the-time-change-spoil-your-sleep-145","Daylight saving time can steal your zzz's. Before turning clocks forward or back, discover how to beat the time change and sleep better.","FXMed Team","Mental Health & Stress","5 min read","draft","","",""
"Creating Enduring family bonds","creating-enduring-family-bonds-146","Keeping strong family connections is sometimes a challenge. But loving, supportive family ties are a lifesaver during times of intense stress. Try these ideas to improve communications and create enduring family bonds.","FXMed Team","Mental Health & Stress","5 min read","draft","","",""
"Dental issues affect sleep","dental-issues-affect-sleep-147","Teeth grinding and jaw pain can harm your sleep. Discover how to manage dental issues to improve sleep.","FXMed Team","Mental Health & Stress","5 min read","draft","","",""
"Develop your people skills","develop-your-people-skills-148","How you see yourself may not be how others see you. You may see yourself as being direct, but your co-worker describes you as a harsh communicator. When values and opinions clash, tolerance and understanding are needed.","FXMed Team","General Wellness","5 min read","draft","","",""
"7 Tips to A better bedtime routine","7-tips-to-a-better-bedtime-routine-149","Sleep is important for good health. Following a bedtime routine gets your body and mind ready for a good night's sleep.","FXMed Team","Mental Health & Stress","5 min read","draft","","",""
"Overcome generational differences at work","overcome-generational-differences-at-work-150","Misunderstanding generational differences at work can cause stress. Use these insights to better understand older and younger generations and improve how you communicate.","FXMed Team","Mental Health & Stress","5 min read","draft","","",""
"Drowsy driving dangers","drowsy-driving-dangers-151","Driving while drowsy is a major cause of crashes. Discover how to recognize and prevent drowsy driving dangers.","FXMed Team","General Wellness","5 min read","draft","","",""
"How Do you build your network?","how-do-you-build-your-network-152","People who feel connected to others tend to be healthier physically and have stronger immune systems. Even simple interactions can assist you with feel more positive. Try these techniques to strengthen your social connections.","FXMed Team","General Wellness","5 min read","draft","","",""
"How gratitude makes you happier","how-gratitude-makes-you-happier-153","Learning to practice gratitude doesn't mean pretending that everything in your life is perfect. But it does assist you with find value in the imperfections and challenges. Gratitude assists you with recognize your blessings -; both obvious and hidden -; and feel content in the present moment.","FXMed Team","General Wellness","5 min read","draft","","",""
"How to find your meaning and Purpose","how-to-find-your-meaning-and-purpose-154","Finding meaning and purpose involves carefully thinking about who you are and what you value in.  This feeds your inner spirit and can enhance your quality of life, both mentally and physically.","FXMed Team","General Wellness","5 min read","draft","","",""
"High-tech baby monitors: Helpful or hazardous?","high-tech-baby-monitors-helpful-or-hazardous-155","Monitors that track your baby's vital signs are growing in popularity. But do they work? Are they safe? Discover the answers to these questions and more.","FXMed Team","General Wellness","5 min read","draft","","",""
"Parenting without pressure","parenting-without-pressure-156","Parenting offers wonderful experiences and increases stress as well. If you're feeling overwhelmed, ask yourself some basic questions to help identify where you may be able to reduce some pressure.","FXMed Team","Mental Health & Stress","5 min read","draft","","",""
"Protect your time","protect-your-time-157","Sometimes it's tough to determine which activities deserve your time and attention. Use these evaluation techniques to reduce your stress and improve your time management skills.","FXMed Team","Mental Health & Stress","5 min read","draft","","",""
"Put the fun back in life","put-the-fun-back-in-life-158","It's important to your stress resilience to keep enjoyable activities in your life. You'll feel energized and have a more positive attitude toward life when you give yourself permission to have some healthy fun.","FXMed Team","Mental Health & Stress","5 min read","draft","","",""
"How Much sleep does your child need?","how-much-sleep-does-your-child-need-159","Sleep is important for a child's growth and development. Discover how much sleep your child needs by age.","FXMed Team","Mental Health & Stress","5 min read","draft","","",""
"Stop negative thought patterns to reduce stress","stop-negative-thought-patterns-to-reduce-stress-160","Negative thinking patterns happen automatically and can keep you from living a happier life. But you aren't a slave to your brain. Gain the ability to balance your thinking with these techniques.","FXMed Team","Mental Health & Stress","5 min read","draft","","",""
"Stress response: Part behavior, part genetics","stress-response-part-behavior-part-genetics-161","Recognize your stress reactions and be wary of harmful coping mechanisms like smoking and drinking. How well you handle stress is a combination of your genetics and learned experiences.","FXMed Team","Mental Health & Stress","5 min read","draft","","",""
"How to spot and Prevent insomnia","how-to-spot-and-prevent-insomnia-162","Insomnia is a sleep disorder that can disrupt healthy sleep patterns. Know these signs, symptoms and remedies to get back to sleep and stay asleep.","FXMed Team","Mental Health & Stress","5 min read","draft","","",""
"What do you value?","what-do-you-value-163","How many things do you do on a daily basis that you value? If you're like most people, your life is full of running errands and taking care of responsibilities. Add meaning to your life by identifying the experiences and people you value to determine where you should schedule your time.","FXMed Team","General Wellness","5 min read","draft","","",""
"How being assertive can help reduce stress","how-being-assertive-can-help-reduce-stress-164","Communicating assertively may help reduce your stress -; and boost your connection with others. Try these tips for more assertive communication.","FXMed Team","Mental Health & Stress","5 min read","draft","","",""
"Information overload makes for restless nights","information-overload-makes-for-restless-nights-165","If you're stressed before bed, it could impact your ability to sleep. Discover how to tune out negative news for more restful sleep.","FXMed Team","Mental Health & Stress","5 min read","draft","","",""
"When to seek help: Recognizing a panic attack","when-to-seek-help-recognizing-a-panic-attack-166","Getting nervous sweats for an interview or feeling anxious about an upcoming life change is common. A panic attack is a sudden episode of intense fear that prompts physical reactions in your body. Gain the ability to recognize the symptoms of a panic attack and if you should seek help.","FXMed Team","General Wellness","5 min read","draft","","",""
"When to seek help: Understanding anxiety","when-to-seek-help-understanding-anxiety-167","There may be times when your worries don't completely consume you, but you still feel anxious even when there's no apparent reason. Gain the ability to recognize generalized anxiety disorder symptoms.","FXMed Team","Mental Health & Stress","5 min read","draft","","",""
"When to seek help: Understanding depression","when-to-seek-help-understanding-depression-168","Depression is a medical condition. Stress is not. Stressful events or an ongoing period of stress can trigger depression. Recognize the symptoms and get started with early treatment to help keep depression from becoming more severe.","FXMed Team","Mental Health & Stress","5 min read","draft","","",""
"What to do when anxiety affects a child's sleep","what-to-do-when-anxiety-affects-a-childs-sleep-169","Anxiety and worry can affect children's sleep. Simple strategies can ease children's worries and help them get a restful night of sleep.","FXMed Team","Mental Health & Stress","5 min read","draft","","",""
"Is co-sleeping OK?","is-co-sleeping-ok-170","Sharing a bed with your baby (co-sleeping) is a much-debated topic. Here's why experts say your baby should sleep alone.","FXMed Team","Mental Health & Stress","5 min read","draft","","",""
"Is stress stealing your teen's sleep?","is-stress-stealing-your-teens-sleep-171","The stresses of teenage life can lead to sleep habits that are not healthy. Discover how to help your teen get better sleep.","FXMed Team","Mental Health & Stress","5 min read","draft","","",""
"Narcolepsy","narcolepsy-172","Narcolepsy causes sudden sleep that you cannot control and that disrupts your daily routine. Discover what to look for and how to treat this sleep disorder.","FXMed Team","Mental Health & Stress","5 min read","draft","","",""
"Pediatric obstructive sleep apnea (OSA)","pediatric-obstructive-sleep-apnea-osa-173","Pediatric obstructive sleep apnea occurs when your child's airways are blocked during sleep. Explore symptoms and treatments for this sleep disorder.","FXMed Team","Mental Health & Stress","5 min read","draft","","",""
"Restless legs syndrome","restless-legs-syndrome-174","Restless legs syndrome can make it hard to sleep. Discover how to stop the urge to move your legs and relieve symptoms of this common sleep disorder.","FXMed Team","Mental Health & Stress","5 min read","draft","","",""
"School start times affect children's sleep","school-start-times-affect-childrens-sleep-175","Is your teen sleep deprived? School start time may be partly to blame. Discover what the ideal school start time is, and why it's so important.","FXMed Team","Mental Health & Stress","5 min read","draft","","",""
"Sleep and Diabetes linked","sleep-and-diabetes-linked-176","Sleep and metabolism are closely linked. Discover how improving your sleep can assist you with manage diabetes or steer clear of developing it.","FXMed Team","Mental Health & Stress","5 min read","draft","","",""
"Sleep and Emotional health: it's complicated","sleep-and-emotional-health-its-complicated-177","Counting sheep and still can't sleep? Check your emotions. Sometimes, sleep trouble is a sign of a mental health problem, like depression or anxiety.","FXMed Team","Mental Health & Stress","5 min read","draft","","",""
"Sleep tips for shift workers","sleep-tips-for-shift-workers-178","Shift workers can have a hard time finding a balanced sleep routine. Here are 5 sleep strategies for any work schedule.","FXMed Team","Mental Health & Stress","5 min read","draft","","",""
"Sleep terrors (night terrors)","sleep-terrors-night-terrors-179","Sleep terrors (night terrors) can be upsetting to watch but usually aren't a cause for concern. Discover how to recognize and cope with sleep terrors.","FXMed Team","Mental Health & Stress","5 min read","draft","","",""
"Sleepwalking","sleepwalking-180","Sleepwalking disrupts sleep, but usually isn't a serious problem. Discover how to cope with sleepwalking and to recognize when treatment might be needed.","FXMed Team","Mental Health & Stress","5 min read","draft","","",""
"Snoring: why it happens and What you can do about it","snoring-why-it-happens-and-what-you-can-do-about-it-181","Snoring occurs when breathing is slightly obstructed during sleep. Discover the causes of and treatments available for snoring.","FXMed Team","Mental Health & Stress","5 min read","draft","","",""
"Surprising stimulants may disturb sleep","surprising-stimulants-may-disturb-sleep-182","Sneaky stimulants, such as caffeine, can be found in certain foods, beverages, and even some medications and may keep you up at night.","FXMed Team","Mental Health & Stress","5 min read","draft","","",""
"The chronic pain and Sleep connection","the-chronic-pain-and-sleep-connection-183","Chronic pain is closely linked to sleep problems. Pain can affect sleep quality -; and poor sleep can increase pain.","FXMed Team","Mental Health & Stress","5 min read","draft","","",""
"The truth behind beauty sleep","the-truth-behind-beauty-sleep-184","Sleep has benefits that contribute to healthy appearance and overall physical health. Beauty sleep really does exist!","FXMed Team","Mental Health & Stress","5 min read","draft","","",""
"This is why you should stay off your phone before bed","this-is-why-you-should-stay-off-your-phone-before-bed-185","Phone use before bed can interfere with your ability to sleep. Discover why and how to swap this habit with a healthier routine.","FXMed Team","Mental Health & Stress","5 min read","draft","","",""
"Tips for sleep training your baby","tips-for-sleep-training-your-baby-186","A regular bedtime routine can help your baby fall asleep at night. Discover how to create that routine, plus five bonus tips for helping your baby sleep.","FXMed Team","Mental Health & Stress","5 min read","draft","","",""
"What Is A sleep study (polysomnography)?","what-is-a-sleep-study-polysomnography-187","Also called a sleep study, polysomnography is used to diagnose a sleep disorder. Discover what treatment options are right for you.","FXMed Team","Mental Health & Stress","5 min read","draft","","",""
"What you need to know about sleep apnea","what-you-need-to-know-about-sleep-apnea-188","Living with sleep apnea can be difficult, but treatment is possible. Discover about the signs, symptoms and what options may be right for you.","FXMed Team","Mental Health & Stress","5 min read","draft","","",""
"What your neck size says about your sleep apnea risk","what-your-neck-size-says-about-your-sleep-apnea-risk-189","Obstructive sleep apnea occurs when the airway becomes blocked or obstructed. Discover how your neck size could put you at risk.","FXMed Team","Mental Health & Stress","5 min read","draft","","",""
"What's causing your child's nighttime leg pain?","whats-causing-your-childs-nighttime-leg-pain-190","Is your child's nighttime leg pain due to growing pains or restless legs syndrome? Here's how to tell.","FXMed Team","Pain Management","5 min read","draft","","",""
"When to exercise for better sleep","when-to-exercise-for-better-sleep-191","Regular exercise improves sleep. But the time of day you work out may interrupt your zzz's. Discover the best and worst times for exercise to beat insomnia.","FXMed Team","Mental Health & Stress","5 min read","draft","","",""
"How healthy sleep can make your brain work better","how-healthy-sleep-can-make-your-brain-work-better-192","There are many brain benefits of sleep -; from problem-solving to elevated mood. Discover how to get the most out of your sleep for optimal brain health.","FXMed Team","Mental Health & Stress","5 min read","draft","","",""
"Is a chronic health condition keeping you up at night?","is-a-chronic-health-condition-keeping-you-up-at-night-193","A health condition may begin to impact your sleep. Discover how to manage healthy sleep to boost your overall well-being.","FXMed Team","Mental Health & Stress","5 min read","draft","","",""
"The power of sleep","the-power-of-sleep-194","When you sleep better, you're healthier all-around. Discover how sleep assists you with thrive.","FXMed Team","Mental Health & Stress","5 min read","draft","","",""
"8 Easy ways to Stop snoring","8-easy-ways-to-stop-snoring-195","These lifestyle changes can assist you with stop snoring and concentrate on healthy, restful sleep. Discover what remedies are right for you.","FXMed Team","Mental Health & Stress","5 min read","draft","","",""
"5 Ways to Beat jet lag","5-ways-to-beat-jet-lag-196","Headed on a long flight? Know the difference between travel fatigue and jet lag -; and get quick tips to sleep better when you land.","FXMed Team","Mental Health & Stress","5 min read","draft","","",""
"6 Tips to Better sleep in a different bed","6-tips-to-better-sleep-in-a-different-bed-197","Whether you're staying at a hotel or with friends, it can be hard to sleep in a strange bed. Try these simple tips.","FXMed Team","Mental Health & Stress","5 min read","draft","","",""
"4 Ways smoking affects your looks","4-ways-smoking-affects-your-looks-198","Smoking affects more than your lungs. Here's how tobacco can harm your looks.","FXMed Team","Smoking Cessation","5 min read","draft","","",""
"Teens and Different kinds of tobacco","teens-and-different-kinds-of-tobacco-199","Help your teen understand the risks of smoking tobacco products beyond cigarettes.","FXMed Team","Smoking Cessation","5 min read","draft","","",""
"How Does exercise make you feel better?","how-does-exercise-make-you-feel-better-200","Exercise is a stress management treatment that can improve your mood and aid in relaxation. Use this guide to track your exercise and manage your stress.","FXMed Team","Mental Health & Stress","5 min read","draft","","",""
"Eat a variety of fruits and Vegetables","eat-a-variety-of-fruits-and-vegetables-201","Sneaking more fruits and vegetables into your days can require creativity. Here's some inspiration.","FXMed Team","General Wellness","5 min read","draft","","",""
"Tips for helping someone quit","tips-for-helping-someone-quit-202","Your support can help a friend or family member quit for good. Here's what you can do.","FXMed Team","General Wellness","5 min read","draft","","",""
"9 Ways to Keep your teen smoke-free","9-ways-to-keep-your-teen-smoke-free-203","Help your teen understand the consequences of smoking.","FXMed Team","Smoking Cessation","5 min read","draft","","",""
"Tracking your smoking habits","tracking-your-smoking-habits-204","Keeping track of your smoking habits can assist you with understand why you smoke.","FXMed Team","Healthy Habits","5 min read","draft","","",""
"What to do when someone is sabotaging your sleep","what-to-do-when-someone-is-sabotaging-your-sleep-205","A barking dog, crying baby or snoring spouse can steal your zzz's. Discover the do's and don'ts of healthy sleep, whether you're a parent, partner or pet owner.","FXMed Team","Mental Health & Stress","5 min read","draft","","",""
"How to sleep better on the road and In the air","how-to-sleep-better-on-the-road-and-in-the-air-206","A sleepless night can make you tired just as you're starting a vacation or business trip. Try these simple tips for sleeping on a plane or in a car.","FXMed Team","Mental Health & Stress","5 min read","draft","","",""
"Women face special sleep challenges","women-face-special-sleep-challenges-207","Women usually don't sleep as well as men. Know four things that can keep you up at night: Motherhood, mood, menstruation and menopause.","FXMed Team","Mental Health & Stress","5 min read","draft","","",""
"Getting To know acorn squash","getting-to-know-acorn-squash-208","Rich in beta carotene, acorn squash is full of nutrients and flavor. Discover how to select, properly store and prepare acorn squash.","FXMed Team","General Wellness","5 min read","draft","","",""
"Getting To know kiwi","getting-to-know-kiwi-209","Kiwifruit are easy to eat and full of nutrients. Treat your taste buds to this sweet New Zealand berry.","FXMed Team","General Wellness","5 min read","draft","","",""
"Getting To know broccoli","getting-to-know-broccoli-210","Broccoli is one of the most nutrient dense vegetables you can eat. Discover how to choose, properly store and enjoy this highly beneficial food.","FXMed Team","Nutrition & Healthy Eating","5 min read","draft","","",""
"Getting To know pineapple","getting-to-know-pineapple-211","Pineapple is a great source of vitamin C, but is highly perishable. Discover how to prepare, store and enjoy this sweet fruit.","FXMed Team","General Wellness","5 min read","draft","","",""
"Getting To know asparagus","getting-to-know-asparagus-212","Asparagus is full of vitamins K, C, A, thiamin and folate. Discover how to choose, properly store and prepare this vegetable for your next meal.","FXMed Team","Nutrition & Healthy Eating","5 min read","draft","","",""
"Getting To know strawberries","getting-to-know-strawberries-213","Strawberries offer a host of health benefits, and they taste great too. Discover how to select and store strawberries and use them to brighten your dishes.","FXMed Team","General Wellness","5 min read","draft","","",""
"Getting To know radishes","getting-to-know-radishes-214","The entire radish plant -; from greens to root -; is edible. Discover how to select and store the vegetable, and how to best use its unique peppery flavor.","FXMed Team","General Wellness","5 min read","draft","","",""
"Getting To know zucchini","getting-to-know-zucchini-215","Zucchini is a type of summer squash and can be used interchangeably with other summer squash varieties. Discover how to select, store and enjoy this beneficial vegetable.","FXMed Team","General Wellness","5 min read","draft","","",""
"Getting To know apples","getting-to-know-apples-216","The apple is full of fiber and antioxidants. Discover how to choose, properly store and enjoy this iconic fruit in new ways.","FXMed Team","General Wellness","5 min read","draft","","",""
"Getting To know carrots","getting-to-know-carrots-217","Carrots are an excellent source of vitamin A. Discover how to choose, properly store and enjoy this highly beneficial food.","FXMed Team","Nutrition & Healthy Eating","5 min read","draft","","",""
"Getting To know cranberries","getting-to-know-cranberries-218","Cranberries are native to North America and a rich source of nutrients and antioxidants. Discover how to select, store and enjoy this tart fruit.","FXMed Team","General Wellness","5 min read","draft","","",""
"Getting To know kumquat","getting-to-know-kumquat-219","Enjoy this little gem of the citrus family whole -; peel and all -; or use it as an ingredient in a recipe.","FXMed Team","Nutrition & Healthy Eating","5 min read","draft","","",""
"Getting To know oranges","getting-to-know-oranges-220","Oranges are available in a wide variety of flavors, shapes and colors, all of them a rich source of vitamin C. Discover how to select, store and incorporate oranges into your diet.","FXMed Team","Nutrition & Healthy Eating","5 min read","draft","","",""
"Getting To know leeks","getting-to-know-leeks-221","Add leeks -; a rich source of cancer-fighting organosulfur compounds -; to your diet with this guide to choosing, storing and preparing leeks.","FXMed Team","Nutrition & Healthy Eating","5 min read","draft","","",""
"Getting To know artichokes","getting-to-know-artichokes-222","Artichokes have a mild, earthy flavor. Discover how to select and prepare this nutrient-rich vegetable.","FXMed Team","General Wellness","5 min read","draft","","",""
"Getting To know avocados","getting-to-know-avocados-223","Discover how to choose and prepare avocados -; a great source of heart-healthy monounsaturated fat.","FXMed Team","Heart Health","5 min read","draft","","",""
"Getting To know raspberries","getting-to-know-raspberries-224","Raspberries are native to North America and a rich source of phytonutrients. Discover how to select, store and prepare this beneficial berry.","FXMed Team","General Wellness","5 min read","draft","","",""
"Getting To know cantaloupe","getting-to-know-cantaloupe-225","Cantaloupes are nutrient-rich, sweet melons that can be enjoyed a number of ways. Discover how to properly choose, store and prepare this fruit.","FXMed Team","General Wellness","5 min read","draft","","",""
"Getting To know tomatoes","getting-to-know-tomatoes-226","Tomatoes are an excellent source of the antioxidant lycopene, which may help prevent cancer and heart disease. Get the most from your tomatoes with this guide to choosing and preparing tomatoes.","FXMed Team","Chronic Conditions","5 min read","draft","","",""
"Getting To know pears","getting-to-know-pears-227","Take advantage of this fruit's soft, butter-like texture and health benefits. Discover how to select, store and prepare pears.","FXMed Team","General Wellness","5 min read","draft","","",""
"Getting To know sweet potatoes","getting-to-know-sweet-potatoes-228","Sweet potatoes are a different food family than white potatoes, and they offer their own set of health benefits. Get the most from your sweet potato dishes with this guide to choosing, storing and preparing this root vegetable.","FXMed Team","Nutrition & Healthy Eating","5 min read","draft","","",""
"Getting To know brussels sprouts","getting-to-know-brussels-sprouts-229","Don't miss out on the anti-cancer and anti-inflammatory benefits of this often-overlooked vegetable. Discover how to choose and prepare Brussels sprouts.","FXMed Team","Chronic Conditions","5 min read","draft","","",""
"Getting To know pomegranates","getting-to-know-pomegranates-230","Pomegranate seeds are a rich source of phytonutrients, but the seeds can be a challenge to harvest. Discover how to choose and store a pomegranate, and how to remove the seeds.","FXMed Team","General Wellness","5 min read","draft","","",""
"Getting To know spinach","getting-to-know-spinach-231","Spinach is loaded with nutrients and antioxidants. Most stores carry a few types of spinach -; discover how to choose, store and prepare this leafy green.","FXMed Team","General Wellness","5 min read","draft","","",""
"Positive thinking: Stop negative self-talk to reduce stress","positive-thinking-stop-negative-self-talk-to-reduce-stress-232","Positive thinking -; Harness the power of optimism to help with stress management.","FXMed Team","Mental Health & Stress","5 min read","draft","","",""
"Core exercises: Why you should strengthen your core muscles","core-exercises-why-you-should-strengthen-your-core-muscles-233","Core exercises strengthen your abs and other core muscles for better balance and stability.","FXMed Team","Exercise & Fitness","5 min read","draft","","",""
"Exercise: A drug-free approach to lowering high blood pressure","exercise-a-drug-free-approach-to-lowering-high-blood-pressure-234","Exercise is a drug-free way to lower blood pressure. Here are tips on getting started.","FXMed Team","Exercise & Fitness","5 min read","draft","","",""
"Eating and Exercise: 5 tips to maximize your workouts","eating-and-exercise-5-tips-to-maximize-your-workouts-235","Discover how your meals and snacks can affect your workouts.","FXMed Team","Nutrition & Healthy Eating","5 min read","draft","","",""
"Aerobic exercise: how to warm up and Cool down","aerobic-exercise-how-to-warm-up-and-cool-down-236","Discover how to warm up and cool down the safe way.","FXMed Team","Exercise & Fitness","5 min read","draft","","",""
"Aerobic exercise: Top 10 reasons to get physical","aerobic-exercise-top-10-reasons-to-get-physical-237","Need inspiration to work out? Consider the top 10 benefits of aerobic exercise.","FXMed Team","Exercise & Fitness","5 min read","draft","","",""
"Carbohydrates: How carbs fit into a healthy diet","carbohydrates-how-carbs-fit-into-a-healthy-diet-238","See why carbohydrates are important for your health and identify which ones to choose.","FXMed Team","Nutrition & Healthy Eating","5 min read","draft","","",""
"Weight training: do's and Don'ts of proper technique","weight-training-dos-and-donts-of-proper-technique-239","Weight training may look easy -; but for best results, proper technique is essential.","FXMed Team","Exercise & Fitness","5 min read","draft","","",""
"Exercise and Chronic disease: get the facts","exercise-and-chronic-disease-get-the-facts-240","Discover about the benefits of working out with a long-lasting disease and how to exercise safely.","FXMed Team","Exercise & Fitness","5 min read","draft","","",""
"The reality of menopause weight gain","the-reality-of-menopause-weight-gain-241","Discover what causes menopause weight gain, and explore ways you may be able to minimize it.","FXMed Team","Women's Health","5 min read","draft","","",""
"Walking: Trim your waistline, improve your health","walking-trim-your-waistline-improve-your-health-242","Walking can be an ideal low-impact exercise. Get the most from your walking routine.","FXMed Team","Exercise & Fitness","5 min read","draft","","",""
"Depression and Anxiety: exercise eases symptoms","depression-and-anxiety-exercise-eases-symptoms-243","Research on depression and anxiety shows that exercise and other physical activity can help improve mood, reduce anxiety and improve other health problems.","FXMed Team","Mental Health & Stress","5 min read","draft","","",""
"Strength training: Get stronger, leaner, healthier","strength-training-get-stronger-leaner-healthier-244","Strength training can assist you with look good -; and feel even better.","FXMed Team","Exercise & Fitness","5 min read","draft","","",""
"Walking: Make it count with activity trackers","walking-make-it-count-with-activity-trackers-245","If walking is your main form of physical activity, see how activity trackers can assist you with set and achieve your fitness goals.","FXMed Team","Exercise & Fitness","5 min read","draft","","",""
"Fitness program: 5 steps to get started","fitness-program-5-steps-to-get-started-246","Starting a fitness program is easier than you might think. Follow these five steps.","FXMed Team","Exercise & Fitness","5 min read","draft","","",""
"Low-glycemic index diet: What's behind the claims?","low-glycemic-index-diet-whats-behind-the-claims-247","Discover about the low-glycemic index diet -; an eating plan based on how food affects blood sugar levels.","FXMed Team","Nutrition & Healthy Eating","5 min read","draft","","",""
"5K run: 7-week training schedule for beginners","5k-run-7-week-training-schedule-for-beginners-248","5K run -; Make it to race day in seven weeks.","FXMed Team","Exercise & Fitness","5 min read","draft","","",""
"Exercise for weight loss: Calories burned in 1 hour","exercise-for-weight-loss-calories-burned-in-1-hour-249","Trying to shed pounds or at least not gain more? Discover how many calories are burned by an hour walking, swimming or using the elliptical.","FXMed Team","Weight Management","5 min read","draft","","",""
"10,000 steps a day: Too low? Too high?","10000-steps-a-day-too-low-too-high-250","Work up to a goal of walking 10,000 steps each day, depending on your starting fitness level, for numerous health benefits.","FXMed Team","Exercise & Fitness","5 min read","draft","","",""
"Bad food habits at work? Get back on track in 5 steps","bad-food-habits-at-work-get-back-on-track-in-5-steps-251","Understand what research says about how changing your work environment and habits can help set you on a path to better health.","FXMed Team","Nutrition & Healthy Eating","5 min read","draft","","",""
"Melatonin","melatonin-252","Discover how melatonin can promote sleep and understand possible side effects of this supplement.","FXMed Team","Mental Health & Stress","5 min read","draft","","",""
"Fight coronavirus (COVID-19) transmission at home","fight-coronavirus-covid-19-transmission-at-home-253","Fight coronavirus at home by cleaning and disinfecting high-touch surfaces. Most common household disinfectants will kill the virus that causes COVID-19.","FXMed Team","General Wellness","5 min read","draft","","",""
"How to take your temperature","how-to-take-your-temperature-254","Discover how to get an accurate temperature reading at home, using common types of thermometers.","FXMed Team","General Wellness","5 min read","draft","","",""
"How to measure your respiratory rate","how-to-measure-your-respiratory-rate-255","Discover how to accurately measure your breathing rate, which is also known as your respiratory rate.","FXMed Team","General Wellness","5 min read","draft","","",""
"How to take your pulse","how-to-take-your-pulse-256","Discover two ways to take an accurate pulse, or heart rate.","FXMed Team","Heart Health","5 min read","draft","","",""
"Pregnancy and Covid-19: what are the risks?","pregnancy-and-covid-19-what-are-the-risks-257","Know how COVID-19 might affect pregnancy, labor and delivery, and breastfeeding. And get the facts about the safety of COVID-19 vaccines.","FXMed Team","Pregnancy & Fertility","5 min read","draft","","",""
"Covid-19 and Your mental health","covid-19-and-your-mental-health-258","Anxiety about COVID-19 can be overwhelming. You may worry about getting the virus, the length of the pandemic and the future. Discover how to cope.","FXMed Team","Mental Health & Stress","5 min read","draft","","",""
"Treating covid-19 at home: care tips for you and Others","treating-covid-19-at-home-care-tips-for-you-and-others-259","COVID-19 can sometimes be treated at home. Understand emergency symptoms to watch for, how to protect others if you're ill, how to protect yourself while caring for a sick loved one and other coping tips.","FXMed Team","Nutrition & Healthy Eating","5 min read","draft","","",""
"COVID-19: Who's at higher risk of serious symptoms?","covid-19-whos-at-higher-risk-of-serious-symptoms-260","Other health conditions can increase your risk of developing dangerous symptoms if you get coronavirus disease 2019 (COVID-19).","FXMed Team","General Wellness","5 min read","draft","","",""
"Covid-19 in babies and Children","covid-19-in-babies-and-children-261","Know the symptoms of COVID-19 in children, what to do if your child appears sick and how to keep your family healthy.","FXMed Team","General Wellness","5 min read","draft","","",""
"COVID-19 vaccines: Get the facts","covid-19-vaccines-get-the-facts-262","Discover about the COVID-19 vaccines, the benefits of COVID-19 vaccination and the possible side effects.","FXMed Team","General Wellness","5 min read","draft","","",""
"How Well do face masks protect against covid-19?","how-well-do-face-masks-protect-against-covid-19-263","Face masks can help slow the spread of coronavirus disease 2019 (COVID-19). Explore mask types, which masks to use and how to use them.","FXMed Team","General Wellness","5 min read","draft","","",""
"Debunking COVID-19 myths","debunking-covid-19-myths-264","Don't fall for these popular myths about preventing or treating COVID-19.","FXMed Team","Nutrition & Healthy Eating","5 min read","draft","","",""
"Herd immunity and Covid-19: what you need to know","herd-immunity-and-covid-19-what-you-need-to-know-265","Get the facts about coronavirus and herd immunity.","FXMed Team","General Wellness","5 min read","draft","","",""
"COVID-19 travel advice","covid-19-travel-advice-266","Traveling during COVID-19? Follow these tips for safely flying, driving and staying at hotels.","FXMed Team","General Wellness","5 min read","draft","","",""
"Safe outdoor activities during the COVID-19 pandemic","safe-outdoor-activities-during-the-covid-19-pandemic-267","Looking for fun summertime activities you can enjoy safely during the COVID-19 pandemic? Here are several options to try.","FXMed Team","General Wellness","5 min read","draft","","",""
"Covid-19 vs. flu: similarities and Differences","covid-19-vs-flu-similarities-and-differences-268","Discover the similarities and differences between coronavirus disease 2019 (COVID-19) and the flu (influenza) and explore ways to prevent getting these diseases.","FXMed Team","General Wellness","5 min read","draft","","",""
"COVID-19: Long-term effects","covid-19-long-term-effects-269","Explore the possible long-term effects of COVID-19.","FXMed Team","General Wellness","5 min read","draft","","",""
"Safety tips for attending school during COVID-19","safety-tips-for-attending-school-during-covid-19-270","Consider prevention strategies that you and your child's school can follow to help protect your child from COVID-19.","FXMed Team","Healthy Habits","5 min read","draft","","",""
"Covid-19, cold, allergies and The flu: what are the differences?","covid-19-cold-allergies-and-the-flu-what-are-the-differences-271","Knowing if you have COVID-19, a cold, the flu or seasonal allergies isn't easy. Discover about the differences between these illnesses.","FXMed Team","General Wellness","5 min read","draft","","",""
"Different types of COVID-19 vaccines: How they work","different-types-of-covid-19-vaccines-how-they-work-272","Discover how different COVID-19 vaccines cause your body to create antibodies that will fight the COVID-19 virus.","FXMed Team","General Wellness","5 min read","draft","","",""
"COVID-19 vaccines for kids: What you need to know","covid-19-vaccines-for-kids-what-you-need-to-know-273","Explore the safety and effectiveness of COVID-19 vaccines for kids, the possible side effects, and the benefits of vaccination.","FXMed Team","General Wellness","5 min read","draft","","",""
"Is hydroxychloroquine a treatment for COVID-19?","is-hydroxychloroquine-a-treatment-for-covid-19-274","Hydroxychloroquine does not treat coronavirus disease 19 (COVID-19) or prevent infection with the virus that causes COVID-19.","FXMed Team","General Wellness","5 min read","draft","","",""
"Cigar smoking: Safer than cigarette smoking?","cigar-smoking-safer-than-cigarette-smoking-275","Despite what you might think, cigars aren't that different from cigarettes. Like cigarettes, cigars contain nicotine, tobacco and cancer-causing chemicals.","FXMed Team","Chronic Conditions","5 min read","draft","","",""
"Exercise: How much do I need every day?","exercise-how-much-do-i-need-every-day-276","Discover how much exercise you need and how to get it.","FXMed Team","Exercise & Fitness","5 min read","draft","","",""
"Hookah smoking: Is it safer than cigarette smoking?","hookah-smoking-is-it-safer-than-cigarette-smoking-277","This habit isn't safer than smoking cigarettes. Discover why.","FXMed Team","Healthy Habits","5 min read","draft","","",""
"Sitting risks: How harmful is too much sitting?","sitting-risks-how-harmful-is-too-much-sitting-278","Sitting for long periods -; such as in front of the TV or at a desk -; appears to increase risk of death from cardiovascular disease and cancer.","FXMed Team","Exercise & Fitness","5 min read","draft","","",""
"Antidepressants and Weight gain: what causes it?","antidepressants-and-weight-gain-what-causes-it-279","An antidepressant isn't always a direct cause of weight gain. Discover the other causes of weight gain when taking antidepressants and how to manage weight.","FXMed Team","General Wellness","5 min read","draft","","",""
"Isometric exercises: Good for strength training?","isometric-exercises-good-for-strength-training-280","Discover more about isometric exercises that contract a particular muscle or group of muscles.","FXMed Team","Exercise & Fitness","5 min read","draft","","",""
"High-protein diets: Are they safe?","high-protein-diets-are-they-safe-281","Considering a high-protein diet for weight reduction? Understand the precautions first.","FXMed Team","Weight Management","5 min read","draft","","",""
"Underweight? See how to add pounds healthfully","underweight-see-how-to-add-pounds-healthfully-282","If you're underweight and not happy about it, try these tips to assist you with achieve your goal weight.","FXMed Team","General Wellness","5 min read","draft","","",""
"Acupuncture as a quit smoking aid: Does it work?","acupuncture-as-a-quit-smoking-aid-does-it-work-283","Trying acupuncture to quit smoking can't hurt, but there are more-effective tobacco cessation methods.","FXMed Team","Smoking Cessation","5 min read","draft","","",""
"Can physical activity help you quit smoking?","can-physical-activity-help-you-quit-smoking-284","Discover how physical activity can assist you with ride out your cravings.","FXMed Team","Smoking Cessation","5 min read","draft","","",""
"Can quitting smoking reduce your breast cancer risk?","can-quitting-smoking-reduce-your-breast-cancer-risk-285","Get the facts about the link between breast cancer and smoking.","FXMed Team","Chronic Conditions","5 min read","draft","","",""
"How Does smoking interact with your medications?","how-does-smoking-interact-with-your-medications-286","Discover how smoking -; and quitting smoking -; might affect the way your body deals with certain medications.","FXMed Team","Smoking Cessation","5 min read","draft","","",""
"Hypnosis for quitting smoking: Can it help?","hypnosis-for-quitting-smoking-can-it-help-287","Discover if hypnosis is an effective tobacco cessation method.","FXMed Team","Smoking Cessation","5 min read","draft","","",""
"Menthol cigarettes: What's the concern?","menthol-cigarettes-whats-the-concern-288","Understand what menthol is -; and why cigarettes containing menthol aren't any safer.","FXMed Team","General Wellness","5 min read","draft","","",""
"Mixed feelings about quitting smoking: What can you do?","mixed-feelings-about-quitting-smoking-what-can-you-do-289","Follow these tips to face your unresolved feelings about quitting smoking.","FXMed Team","Smoking Cessation","5 min read","draft","","",""
"Nicotine withdrawal: What does it feel like?","nicotine-withdrawal-what-does-it-feel-like-290","Know the signs and symptoms you'll experience during nicotine withdrawal.","FXMed Team","General Wellness","5 min read","draft","","",""
"Quit smoking apps: Can they help?","quit-smoking-apps-can-they-help-291","A quit smoking app might assist you with quit smoking, depending on your level of motivation.","FXMed Team","Smoking Cessation","5 min read","draft","","",""
"Quitting smoking before surgery: Why is it important?","quitting-smoking-before-surgery-why-is-it-important-292","Quitting smoking before surgery can reduce the risk of complications.","FXMed Team","Smoking Cessation","5 min read","draft","","",""
"Smoking and Depression: what's the link?","smoking-and-depression-whats-the-link-293","Know the connections between depression and smoking -; and what you can do about them.","FXMed Team","Mental Health & Stress","5 min read","draft","","",""
"What can you do to prevent a nicotine overdose?","what-can-you-do-to-prevent-a-nicotine-overdose-294","Understand how a nicotine dose can occur and what you can do to prevent one from happening.","FXMed Team","General Wellness","5 min read","draft","","",""
"What really helps babies fall asleep and Stay asleep?","what-really-helps-babies-fall-asleep-and-stay-asleep-295","From car rides to elaborate bedtime rituals, parents will try almost anything to help babies sleep. But what really works? A Mayo Clinic expert tells you.","FXMed Team","Mental Health & Stress","5 min read","draft","","",""
"Sleeping pills: Are they safe for older adults?","sleeping-pills-are-they-safe-for-older-adults-296","Sleeping pill use is common among older adults, but is it safe? Get answers about the risks and recommendations from an expert.","FXMed Team","Mental Health & Stress","5 min read","draft","","",""
"Quitting smoking: How can you maintain your success?","quitting-smoking-how-can-you-maintain-your-success-297","Consider these tips for avoiding a relapse as you navigate your smoke-free life.","FXMed Team","Smoking Cessation","5 min read","draft","","",""
"Chewing tobacco: What are the health risks?","chewing-tobacco-what-are-the-health-risks-298","Think chewing tobacco is harmless? Think again.","FXMed Team","Smoking Cessation","5 min read","draft","","",""
"How Does quitting smoking improve your oral health?","how-does-quitting-smoking-improve-your-oral-health-299","Looking to improve the health of your smile? Discover how quitting smoking can help.","FXMed Team","Smoking Cessation","5 min read","draft","","",""
"Thirdhand smoke: How can you get rid of it?","thirdhand-smoke-how-can-you-get-rid-of-it-300","Worried about thirdhand smoke? Here's help understanding and eliminating it.","FXMed Team","General Wellness","5 min read","draft","","",""
"Can financial incentives help you quit smoking?","can-financial-incentives-help-you-quit-smoking-301","Discover whether money can help motivate you to quit smoking.","FXMed Team","Smoking Cessation","5 min read","draft","","",""
"How Does smoking affect fertility?","how-does-smoking-affect-fertility-302","Discover how smoking can affect female and male fertility.","FXMed Team","Pregnancy & Fertility","5 min read","draft","","",""
"Quit smoking relapses: What can you learn?","quit-smoking-relapses-what-can-you-learn-303","Every quit smoking attempt can teach you something -; and eventually assist you with quit.","FXMed Team","Smoking Cessation","5 min read","draft","","",""
"Stop-smoking products during pregnancy: Is it safe?","stop-smoking-products-during-pregnancy-is-it-safe-304","Get the facts about using nicotine replacement products and other tobacco cessation medications during pregnancy.","FXMed Team","Pregnancy & Fertility","5 min read","draft","","",""
"Heartburn and Diet","heartburn-and-diet-305","Heartburn on your mind? Try getting if off your chest with these simple tips.","FXMed Team","Nutrition & Healthy Eating","5 min read","draft","","",""
"Coping with change: stop stressing and Start adapting","coping-with-change-stop-stressing-and-start-adapting-306","Change is a constant. You can choose to be stressed by it -; or you can choose to adapt.","FXMed Team","Mental Health & Stress","5 min read","draft","","",""
"Handling criticism","handling-criticism-307","When you feel threatened by criticism, don't lash out. Instead, hit pause and hear the other person out.","FXMed Team","General Wellness","5 min read","draft","","",""
"What does it mean to be an optimist?","what-does-it-mean-to-be-an-optimist-308","Being an optimist means being open to solutions and silver linings.","FXMed Team","General Wellness","5 min read","draft","","",""
"When is a promotion a bad move?","when-is-a-promotion-a-bad-move-309","With the pressure to succeed, it's hard to consider passing up a promotion. But stop and consider whether it's the right move for you.","FXMed Team","General Wellness","5 min read","draft","","",""
"Paraprobiotics: Next functional food frontier?","paraprobiotics-next-functional-food-frontier-310","Some types of bacteria have health benefits. Research suggests that inactivated forms, called paraprobiotics, may offer benefits, too.","FXMed Team","Nutrition & Healthy Eating","5 min read","draft","","",""
"Added sugar in kids' diets and Heart disease risk","added-sugar-in-kids-diets-and-heart-disease-risk-311","Excess sugar is under scrutiny as a contributor to heart disease, even among kids. Try these tips to cut the sugar in your family's meals.","FXMed Team","Nutrition & Healthy Eating","5 min read","draft","","",""
"Are ancient grains the new health food?","are-ancient-grains-the-new-health-food-312","Ancient grains, especially those that are gluten-free, are popping up on menus and recipe collections. What's the allure of these ancient foods?","FXMed Team","Nutrition & Healthy Eating","5 min read","draft","","",""
"Dairy and Heart disease risk","dairy-and-heart-disease-risk-313","Good news for dairy fans: You don't have to feel bad about the cheese you put on your sandwich or sprinkle on your salad.","FXMed Team","Chronic Conditions","5 min read","draft","","",""
"Why diet still matters after bariatric surgery","why-diet-still-matters-after-bariatric-surgery-314","Weight-loss surgery means you don't have to watch what you eat, right? Wrong. Discover why.","FXMed Team","Nutrition & Healthy Eating","5 min read","draft","","",""
"Can diet influence mental health?","can-diet-influence-mental-health-315","Growing evidence suggests a link between diet and mental health. Just another reason to eat plenty of fruits and veggies.","FXMed Team","Mental Health & Stress","5 min read","draft","","",""
"Eat well at work","eat-well-at-work-316","Is your workspace sabotaging your wellness efforts? Take steps now to remove unhealthy foods from your workday.","FXMed Team","Nutrition & Healthy Eating","5 min read","draft","","",""
"Eat well to age well","eat-well-to-age-well-317","Aging is inevitable. Unfortunately, aging well is not. Improving your diet now can assist you with stay healthy as you age.","FXMed Team","Nutrition & Healthy Eating","5 min read","draft","","",""
"Which fish to buy? Farmed or wild?","which-fish-to-buy-farmed-or-wild-318","You want to eat more fish but you're confused about which to choose. Get the facts on wild-caught versus farm-raised fish.","FXMed Team","General Wellness","5 min read","draft","","",""
"Fish and Mercury contamination","fish-and-mercury-contamination-319","Is concern about mercury contamination putting you off fish? It doesn't have to. See which fish to choose and which to steer clear of.","FXMed Team","General Wellness","5 min read","draft","","",""
"Food fraud: Is it for real?","food-fraud-is-it-for-real-320","Coffee, cheese, oil, spices are examples of products that have been altered illegally for sale. Discover how food fraud happens and how to protect yourself.","FXMed Team","Nutrition & Healthy Eating","5 min read","draft","","",""
"App helps reduce food waste","app-helps-reduce-food-waste-321","If you've ever grabbed a food from the fridge only to find that it was past the expiration date, this app is for you.","FXMed Team","Nutrition & Healthy Eating","5 min read","draft","","",""
"Fruit or vegetable: What's the difference?","fruit-or-vegetable-whats-the-difference-322","Do you know the difference between fruits and vegetables? And do you get enough of both in your diet?","FXMed Team","Nutrition & Healthy Eating","5 min read","draft","","",""
"Genetically modified foods — Why the controversy?","genetically-modified-foods-why-the-controversy-323","Get the facts on genetically modified foods and why they're so controversial.","FXMed Team","Nutrition & Healthy Eating","5 min read","draft","","",""
"Heavy coffee consumption — Risky for some?","heavy-coffee-consumption-risky-for-some-324","If you regularly drink more than four cups of coffee a day, you may want to take note of a report on heavy coffee consumption and risk of early death.","FXMed Team","General Wellness","5 min read","draft","","",""
"What's on your kitchen counter affects your weight","whats-on-your-kitchen-counter-affects-your-weight-325","The food on your kitchen counter may be undermining your weight-reduction efforts.","FXMed Team","Nutrition & Healthy Eating","5 min read","draft","","",""
"Age-related macular degeneration and Diet","age-related-macular-degeneration-and-diet-326","Although age and genetics play a role, age-related macular degeneration (AMD) is related to diet. See what foods may help prevent or delay AMD.","FXMed Team","Nutrition & Healthy Eating","5 min read","draft","","",""
"Meat and Cancer risk","meat-and-cancer-risk-327","Certain types of meat may increase your risk of colorectal cancer. Identify which types and how to moderate your risk.","FXMed Team","Chronic Conditions","5 min read","draft","","",""
"Milk substitutes: What you need to know","milk-substitutes-what-you-need-to-know-328","Not all milk substitutes offer equal nutrition. If you have health problems, talk with your doctor or dietitian before grabbing a carton.","FXMed Team","Nutrition & Healthy Eating","5 min read","draft","","",""
"What Is The mind diet?","what-is-the-mind-diet-329","Increasingly, diet is being recognized for its role in brain health. Discover which foods may help preserve cognitive function.","FXMed Team","Nutrition & Healthy Eating","5 min read","draft","","",""
"Omega-3 fatty acids and Heart disease","omega-3-fatty-acids-and-heart-disease-330","If you're worried about heart disease, a nutritious eating plan that includes fish twice a week could reduce your risk. Discover if fish oil pills also offer the same benefit.","FXMed Team","Nutrition & Healthy Eating","5 min read","draft","","",""
"Orthorexia: When healthy eating becomes extreme","orthorexia-when-healthy-eating-becomes-extreme-331","Can trying to eat a nutritious eating plan be hazardous? It can if it becomes an obsession. Gain the ability to identify the warning signs.","FXMed Team","Nutrition & Healthy Eating","5 min read","draft","","",""
"Shape up your diet with a few tweaks","shape-up-your-diet-with-a-few-tweaks-332","Diets are hard to follow. Eating by the numbers is boring. Instead, try to eat more real food (think plants) and fewer items that come in a box.","FXMed Team","Nutrition & Healthy Eating","5 min read","draft","","",""
"Sustainable food choices","sustainable-food-choices-333","Does what's on your plate affect the environment? You bet. See how you can make choices that are good for you and the globe.","FXMed Team","Nutrition & Healthy Eating","5 min read","draft","","",""
"Can You Develop a taste for healthy foods?","can-you-develop-a-taste-for-healthy-foods-334","Eating healthy doesn't have to be boring. You can find healthy foods that suit your taste.","FXMed Team","Nutrition & Healthy Eating","5 min read","draft","","",""
"Is it time for an oil change?","is-it-time-for-an-oil-change-335","The quantity of omega-6 fatty acids in the American diet has greatly increased. And so has the incidence of obesity. Is there a link?","FXMed Team","Weight Management","5 min read","draft","","",""
"Why variety matters for your health and The planet's","why-variety-matters-for-your-health-and-the-planets-336","Variety is critical to a nutritious eating plan. Yet the diversity of species contributing to the food supply is declining. What does it mean and what can you do?","FXMed Team","Nutrition & Healthy Eating","5 min read","draft","","",""
"Heartburn medicines and B-12 deficiency","heartburn-medicines-and-b-12-deficiency-337","Acid-controlling medications may do more than prevent heartburn. They may also interfere with vitamin B-12 absorption.","FXMed Team","Heart Health","5 min read","draft","","",""
"Coronavirus: what is it and How can i protect myself?","coronavirus-what-is-it-and-how-can-i-protect-myself-338","Coronavirus disease 2019 (COVID-19) is caused by a virus that spreads between people. Discover how to protect yourself and those close to you.","FXMed Team","General Wellness","5 min read","draft","","",""
"How Do covid-19 antibody tests differ from diagnostic tests?","how-do-covid-19-antibody-tests-differ-from-diagnostic-tests-339","Antibody testing determines if you had COVID-19 (coronavirus) infection in the past. It differs from testing to diagnose if you currently have COVID-19.","FXMed Team","General Wellness","5 min read","draft","","",""
"COVID-19 drugs: Are there any that work?","covid-19-drugs-are-there-any-that-work-340","Many treatments are being studied for COVID-19. Only one drug has been approved -; an antiviral drug called remdesivir.","FXMed Team","General Wellness","5 min read","draft","","",""
"Covid-19 and pets: can dogs and Cats get covid-19?","covid-19-and-pets-can-dogs-and-cats-get-covid-19-341","Discover how COVID-19 can affect dogs and cats, what you can do to protect your pet, and how to care for your pet if it becomes sick.","FXMed Team","General Wellness","5 min read","draft","","",""
"Sex and Covid-19: can you get covid-19 from sexual activity?","sex-and-covid-19-can-you-get-covid-19-from-sexual-activity-342","Discover whether COVID-19 can be spread during sexual activity and how to reduce your risk of getting the virus from a sexual partner.","FXMed Team","General Wellness","5 min read","draft","","",""
"Unusual COVID-19 symptoms: What are they?","unusual-covid-19-symptoms-what-are-they-343","Discover about the unusual symptoms of coronavirus disease 2019 (COVID-19), including COVID toes, nausea, and loss of smell or taste.","FXMed Team","General Wellness","5 min read","draft","","",""
"COVID-19 infections by race: What's behind the health disparities?","covid-19-infections-by-race-whats-behind-the-health-disparities-344","Understand how underlying health problems, the places where people live and work, and racism can affect who becomes severely ill with COVID-19.","FXMed Team","General Wellness","5 min read","draft","","",""
"Can vitamin D protect against coronavirus disease 2019 (COVID-19)?","can-vitamin-d-protect-against-coronavirus-disease-2019-covid-19-345","Discover what the research says about vitamin D and coronavirus disease 2019 (COVID-19).","FXMed Team","General Wellness","5 min read","draft","","",""
"COVID-19 variants: What's the concern?","covid-19-variants-whats-the-concern-346","The virus that causes COVID-19 has changed over time, which has affected prevention, diagnosis and treatment of COVID-19.","FXMed Team","Healthy Habits","5 min read","draft","","",""
"COVID-19 vaccine: Should I reschedule my mammogram?","covid-19-vaccine-should-i-reschedule-my-mammogram-347","Swollen lymph nodes caused by the COVID-19 vaccine can look like breast cancer on a mammogram. Discover what to do if you've got a mammogram scheduled.","FXMed Team","Chronic Conditions","5 min read","draft","","",""
"Quote: You don't have to do it all ...","quote-you-dont-have-to-do-it-all-348","What a Mayo Clinic doctor says about asking for help.","FXMed Team","General Wellness","5 min read","draft","","",""
"Quote: Attitude creates reality ...","quote-attitude-creates-reality-349","What a Mayo Clinic doctor says about setbacks.","FXMed Team","General Wellness","5 min read","draft","","",""
"Quote: Some individuals have opportunities ...","quote-some-individuals-have-opportunities-350","""Some individuals have opportunities ...""","FXMed Team","General Wellness","5 min read","draft","","",""
"Quote: As children, we played for fun ...","quote-as-children-we-played-for-fun-351"," What a Mayo Clinic physical therapist says about the benefits of play.","FXMed Team","General Wellness","5 min read","draft","","",""
"Quote: It's become a badge of honor ...","quote-its-become-a-badge-of-honor-352","What a Mayo Clinic doctor says about burning the candles at both ends.","FXMed Team","General Wellness","5 min read","draft","","",""
"Quote: Start with a clean slate ...","quote-start-with-a-clean-slate-353","What a Mayo Clinic doctor says about what you can discover from spring training.","FXMed Team","Exercise & Fitness","5 min read","draft","","",""
"Quote: Find a confidant ...","quote-find-a-confidant-354","What a Mayo Clinic doctor says about calling on a confidant.","FXMed Team","General Wellness","5 min read","draft","","",""
"Quote: Losing weight may be a matter of ...","quote-losing-weight-may-be-a-matter-of-355","What a Mayo Clinic registered nurse says about eliminating things for weight reduction.","FXMed Team","Weight Management","5 min read","draft","","",""
"Quote: Everyone, regardless of the credentials on the ...","quote-everyone-regardless-of-the-credentials-on-the-356","What a Mayo Clinic Ph.D. says about struggles and setbacks. ","FXMed Team","General Wellness","5 min read","draft","","",""
"Quote: Your fate isn't a roll of the genetic dice ...","quote-your-fate-isnt-a-roll-of-the-genetic-dice-357","What a Mayo Clinic doctor says about your fate.","FXMed Team","General Wellness","5 min read","draft","","",""
"Quote: Too often, we don't give ourselves credit ...","quote-too-often-we-dont-give-ourselves-credit-358","What a Mayo Clinic Ph.D. says about giving yourself credit for good choices.","FXMed Team","General Wellness","5 min read","draft","","",""
"Quote: Make gradual changes ...","quote-make-gradual-changes-359","What a Mayo Clinic registered dietitian nutritionist says about healthier food and beverage choices.","FXMed Team","Nutrition & Healthy Eating","5 min read","draft","","",""
"Quote: Take care of yourself ...","quote-take-care-of-yourself-360","What a Mayo Clinic doctor says about healthy boundaries.","FXMed Team","General Wellness","5 min read","draft","","",""
"Quote: A healthy diet is ...","quote-a-healthy-diet-is-361","What a Mayo Clinic doctor says about a nutritious eating plan.","FXMed Team","Nutrition & Healthy Eating","5 min read","draft","","",""
"Quote: The sandwich can be the foundation of ...","quote-the-sandwich-can-be-the-foundation-of-362","What a Mayo Clinic registered dietitian nutritionist says about a perfect meal.","FXMed Team","Nutrition & Healthy Eating","5 min read","draft","","",""
"Quote: everyone has setbacks and Disappointments ...","quote-everyone-has-setbacks-and-disappointments-363","What a Mayo Clinic doctor says about setbacks.","FXMed Team","General Wellness","5 min read","draft","","",""
"Physical activity and Weight management","physical-activity-and-weight-management-364","Inspiring quotes from Mayo Clinic experts","FXMed Team","General Wellness","5 min read","draft","","",""
"Getting Your family involved","getting-your-family-involved-365","Inspiring quotes from Mayo Clinic experts","FXMed Team","General Wellness","5 min read","draft","","",""
"Keep motivated","keep-motivated-366","Inspiring quotes from Mayo Clinic experts","FXMed Team","General Wellness","5 min read","draft","","",""
"Making A plan to exercise","making-a-plan-to-exercise-367","Inspiring quotes from Mayo Clinic experts","FXMed Team","Exercise & Fitness","5 min read","draft","","",""
"Give yourself a break when making healthy lifestyle changes","give-yourself-a-break-when-making-healthy-lifestyle-changes-368","Inspiring quotes from Mayo Clinic experts","FXMed Team","Healthy Habits","5 min read","draft","","",""
"Keep pursuing your goals","keep-pursuing-your-goals-369","Inspiring quotes from Mayo Clinic experts","FXMed Team","General Wellness","5 min read","draft","","",""
"Starting Making small changes","starting-making-small-changes-370","Inspiring quotes from Mayo Clinic experts","FXMed Team","General Wellness","5 min read","draft","","",""
"Taking Steps to make changes today","taking-steps-to-make-changes-today-371","Inspiring quotes from Mayo Clinic experts","FXMed Team","General Wellness","5 min read","draft","","",""
"What's your health vision?","whats-your-health-vision-372","Inspiring quotes from Mayo Clinic experts","FXMed Team","General Wellness","5 min read","draft","","",""
"Look back at what's worked","look-back-at-whats-worked-373","Inspiring quotes from Mayo Clinic experts","FXMed Team","General Wellness","5 min read","draft","","",""
"Just move!","just-move-374","Inspiring quotes from Mayo Clinic experts","FXMed Team","General Wellness","5 min read","draft","","",""
"Healthy changes can affect others","healthy-changes-can-affect-others-375","Inspiring quotes from Mayo Clinic experts","FXMed Team","General Wellness","5 min read","draft","","",""
"Stay the course","stay-the-course-376","Inspiring quotes from Mayo Clinic experts","FXMed Team","General Wellness","5 min read","draft","","",""
"Bounce back from setbacks","bounce-back-from-setbacks-377","Inspiring quotes from Mayo Clinic experts","FXMed Team","General Wellness","5 min read","draft","","",""
"Focus on fruits and Veggies","focus-on-fruits-and-veggies-378","Inspiring quotes from Mayo Clinic experts","FXMed Team","General Wellness","5 min read","draft","","",""
"How to cope with change","how-to-cope-with-change-379","Inspiring quotes from Mayo Clinic experts","FXMed Team","General Wellness","5 min read","draft","","",""
"Love your leisure time","love-your-leisure-time-380","Inspiring quotes from Mayo Clinic experts","FXMed Team","General Wellness","5 min read","draft","","",""
"Taste something new","taste-something-new-381","Inspiring quotes from Mayo Clinic experts","FXMed Team","General Wellness","5 min read","draft","","",""
"Evaluate your values","evaluate-your-values-382","Inspiring quotes from Mayo Clinic experts","FXMed Team","General Wellness","5 min read","draft","","",""
"Think small","think-small-383","Inspiring quotes from Mayo Clinic experts","FXMed Team","General Wellness","5 min read","draft","","",""
"Building Your social ties","building-your-social-ties-384","Inspiring quotes from Mayo Clinic experts","FXMed Team","General Wellness","5 min read","draft","","",""
"Just keep moving","just-keep-moving-385","Inspiring quotes from Mayo Clinic experts","FXMed Team","General Wellness","5 min read","draft","","",""
"Find meaning in work","find-meaning-in-work-386","Inspiring quotes from Mayo Clinic experts","FXMed Team","General Wellness","5 min read","draft","","",""
"Commit to your goals","commit-to-your-goals-387","Inspiring quotes from Mayo Clinic experts","FXMed Team","General Wellness","5 min read","draft","","",""
"One healthy step at a time","one-healthy-step-at-a-time-388","Inspiring quotes from Mayo Clinic experts","FXMed Team","General Wellness","5 min read","draft","","",""
"Maximize your free time","maximize-your-free-time-389","Inspiring quotes from Mayo Clinic experts","FXMed Team","General Wellness","5 min read","draft","","",""
"Treat yourself","treat-yourself-390","Inspiring quotes from Mayo Clinic experts","FXMed Team","General Wellness","5 min read","draft","","",""
"The benefits of spirituality","the-benefits-of-spirituality-391","Inspiring quotes from Mayo Clinic experts","FXMed Team","General Wellness","5 min read","draft","","",""
"Think small","think-small-392","Inspiring quotes from Mayo Clinic experts","FXMed Team","General Wellness","5 min read","draft","","",""
"Taking Time for yourself","taking-time-for-yourself-393","Inspiring quotes from Mayo Clinic experts","FXMed Team","General Wellness","5 min read","draft","","",""
"Eating tips for hectic days","eating-tips-for-hectic-days-394","Inspiring quotes from Mayo Clinic experts","FXMed Team","Nutrition & Healthy Eating","5 min read","draft","","",""
"Smart goal-setting","smart-goal-setting-395","Inspiring quotes from Mayo Clinic experts","FXMed Team","General Wellness","5 min read","draft","","",""
"Cook up something new","cook-up-something-new-396","Inspiring quotes from Mayo Clinic experts","FXMed Team","General Wellness","5 min read","draft","","",""
"Getting Specific on healthy goals","getting-specific-on-healthy-goals-397","Inspiring quotes from Mayo Clinic experts","FXMed Team","General Wellness","5 min read","draft","","",""
"Taking A deep breath","taking-a-deep-breath-398","Inspiring quotes from Mayo Clinic experts","FXMed Team","General Wellness","5 min read","draft","","",""
"Saved by the shopping list","saved-by-the-shopping-list-399","Inspiring quotes from Mayo Clinic experts","FXMed Team","General Wellness","5 min read","draft","","",""
"Post your reasons","post-your-reasons-400","Inspiring quotes from Mayo Clinic experts","FXMed Team","General Wellness","5 min read","draft","","",""
"Three secrets to better energy","three-secrets-to-better-energy-401","Inspiring quotes from Mayo Clinic experts","FXMed Team","General Wellness","5 min read","draft","","",""
"Your daily blessing","your-daily-blessing-402","Inspiring quotes from Mayo Clinic experts","FXMed Team","General Wellness","5 min read","draft","","",""
"Alfredo sauce","alfredo-sauce-403","This creamy sauce is low in fat, thanks to skim milk and low-fat cream cheese.","FXMed Team","General Wellness","5 min read","draft","","",""
"Almond crusted chicken","almond-crusted-chicken-404","Almonds add crunch and nutrition to your same-old chicken.","FXMed Team","Nutrition & Healthy Eating","5 min read","draft","","",""
"Apple cinnamon muffins","apple-cinnamon-muffins-405","These apple muffins are filling, thanks to milled oats and flaxseed meal in the batter.","FXMed Team","Nutrition & Healthy Eating","5 min read","draft","","",""
"Avocado aioli","avocado-aioli-406","Spread this aioli on your favorite sandwich or use as a dip with fresh vegetables.","FXMed Team","General Wellness","5 min read","draft","","",""
"Avocado salsa","avocado-salsa-407","This salsa is best served immediately but can be kept in the refrigerator overnight.","FXMed Team","General Wellness","5 min read","draft","","",""
"Baked brie envelopes","baked-brie-envelopes-408","This combination of puff pastry, Brie and cranberries makes for a tasty, festive appetizer.","FXMed Team","General Wellness","5 min read","draft","","",""
"Balsamic feta chicken","balsamic-feta-chicken-409","Balsamic vinegar and crumbled feta cheese give this baked chicken dish lots of flavor with very little hands-on time.","FXMed Team","General Wellness","5 min read","draft","","",""
"Banana oatmeal pancakes","banana-oatmeal-pancakes-410","For a nuttier flavor, replace 1/4 cup whole-wheat flour with ground flaxseeds or ground pumpkin seeds. ","FXMed Team","Nutrition & Healthy Eating","5 min read","draft","","",""
"Banana pecan compote","banana-pecan-compote-411","Serve this flavorful banana topping on pancakes or waffles, or pair with your favorite low-fat yogurt.","FXMed Team","General Wellness","5 min read","draft","","",""
"Barley risotto with asparagus","barley-risotto-with-asparagus-412","This hearty barley risotto is best with seasonable vegetables. If asparagus isn't in season, swap in summer squash, butternut squash or peppers.","FXMed Team","Heart Health","5 min read","draft","","",""
"Basil pesto stuffed mushrooms","basil-pesto-stuffed-mushrooms-413","This appetizer can be prepared a day in advance. Refrigerate until ready to serve.","FXMed Team","General Wellness","5 min read","draft","","",""
"Barbecue turkey burger","barbecue-turkey-burger-414","Oats pack hidden nutrition into this zesty, barbecue-flavored turkey burger.","FXMed Team","Nutrition & Healthy Eating","5 min read","draft","","",""
"Black bean quesadillas","black-bean-quesadillas-415","These vegetarian quesadillas prove that you don't need a lot of cheese in this dish -; just enough to bind them together.","FXMed Team","General Wellness","5 min read","draft","","",""
"Blackened sole","blackened-sole-416","Fresh sole and homemade blackening seasoning are a fantastic combination, and you'll have plenty of leftover spice mix for other fish or meats.","FXMed Team","General Wellness","5 min read","draft","","",""
"Blueberry lavender lemonade","blueberry-lavender-lemonade-417","Dried lavender and fresh blueberries make this homemade lemonade a refreshing summer hit. ","FXMed Team","General Wellness","5 min read","draft","","",""
"Broccoli with garlic and Lemon","broccoli-with-garlic-and-lemon-418","This tasty side dish pairs crisp broccoli with lemon zest and minced garlic and can be ready in less than 10 minutes. ","FXMed Team","General Wellness","5 min read","draft","","",""
"Brown-sugared pork tenderloin stir-fry","brown-sugared-pork-tenderloin-stir-fry-419","This stir-fry takes a little planning because the pork sits in a brown sugar rub for 2 hours before cooking, but it's worth it.","FXMed Team","General Wellness","5 min read","draft","","",""
"Butternut squash ravioli","butternut-squash-ravioli-420","After boiling the ravioli, you can saute briefly in a little olive oil or butter, if desired.","FXMed Team","General Wellness","5 min read","draft","","",""
"Butternut squash risotto","butternut-squash-risotto-421","Traditional risotto is made with white rice. Brown rice adds fiber and nutrients.","FXMed Team","General Wellness","5 min read","draft","","",""
"Caramelized balsamic vinaigrette","caramelized-balsamic-vinaigrette-422","This thick, sweet vinaigrette is the perfect complement to salad ingredients that are tart, such as apples or dried cherries.","FXMed Team","General Wellness","5 min read","draft","","",""
"Caramelized onion chicken pizza","caramelized-onion-chicken-pizza-423","This homemade pizza -; topped with chicken, barbecue sauce and caramelized onions -; is a perfect weekend cooking project. ","FXMed Team","General Wellness","5 min read","draft","","",""
"Carne asada","carne-asada-424","In this Latin American dish, skirt steak marinates overnight before it's grilled and served in slices.","FXMed Team","General Wellness","5 min read","draft","","",""
"Chicken and Zucchini quesadilla","chicken-and-zucchini-quesadilla-425","This recipe is a great way to use up leftover cooked chicken breast. Top with light sour cream and pico de gallo.","FXMed Team","Nutrition & Healthy Eating","5 min read","draft","","",""
"Chicken cordon bleu","chicken-cordon-bleu-426","A twist on classic chicken cordon bleu, this version adds spinach to the ham and cheese filling.","FXMed Team","General Wellness","5 min read","draft","","",""
"Chicken Parmesan","chicken-parmesan-427","Many chicken Parmesan recipes are drowning in cheese -; and calories. This lighter version is finished with a sprinkling of mozzarella.","FXMed Team","Nutrition & Healthy Eating","5 min read","draft","","",""
"Chicken sausage meatballs","chicken-sausage-meatballs-428","These chicken meatballs can be made ahead of time. Chill in the refrigerator overnight to use the next day or freeze for up to 3 months.","FXMed Team","General Wellness","5 min read","draft","","",""
"Cilantro lime dressing","cilantro-lime-dressing-429","Toss this homemade cilantro lime dressing with cabbage slaw mix for a tangy side dish. Or drizzle over tacos or quesadillas.","FXMed Team","General Wellness","5 min read","draft","","",""
"Citrus remoulade","citrus-remoulade-430","Remoulade is a mayonnaise-based sauce that pairs well with seafood. You can add citrus, dill, capers or other seasonings to create different flavors.","FXMed Team","Nutrition & Healthy Eating","5 min read","draft","","",""
"Citrus seared salmon","citrus-seared-salmon-431","This salmon recipe doubles down on citrus flavor -; with orange zest in the seasoning and orange juice in the sauce drizzled on after baking.","FXMed Team","Nutrition & Healthy Eating","5 min read","draft","","",""
"Citrus vinaigrette","citrus-vinaigrette-432","Why buy salad dressing when this delicious citrus vinaigrette can be made in minutes?","FXMed Team","General Wellness","5 min read","draft","","",""
"Coconut shrimp","coconut-shrimp-433","Crunchy, baked coconut shrimp can be prepared at home in less than 30 minutes. ","FXMed Team","General Wellness","5 min read","draft","","",""
"Crab cakes","crab-cakes-434","Too many crab cakes are like breaded hockey pucks. This version has very little filler. Don't overmix!","FXMed Team","General Wellness","5 min read","draft","","",""
"Cracked wheat chili","cracked-wheat-chili-435","The bulgur wheat in this chili adds a lot of fiber, and it looks like ground beef. As a result, this healthy vegetarian chili looks like traditional chili.","FXMed Team","General Wellness","5 min read","draft","","",""
"Cranberry orange muffins","cranberry-orange-muffins-436","Looking for a breakfast treat? These muffins will hit the spot and are healthier than the typical bakery version.","FXMed Team","General Wellness","5 min read","draft","","",""
"Cranberry pecan rice pilaf","cranberry-pecan-rice-pilaf-437","It only takes a few minutes to turn a side dish of plain rice into cranberry pecan rice pilaf.  ","FXMed Team","General Wellness","5 min read","draft","","",""
"Cream of chicken and Wild rice chowder","cream-of-chicken-and-wild-rice-chowder-438","A cornstarch slurry thickens this soup without loads of cream. You can also thicken soup with leftover mashed potatoes or mashed cauliflower.","FXMed Team","General Wellness","5 min read","draft","","",""
"Creole shrimp","creole-shrimp-439","This spicy shrimp dish gets its kick from an easy homemade Creole seasoning blend. It's delicious over brown rice.","FXMed Team","General Wellness","5 min read","draft","","",""
"Dijon Parmesan crusted salmon","dijon-parmesan-crusted-salmon-440","This easy baked salmon is topped with a flavorful crust of Dijon mustard, Parmesan cheese and panko breadcrumbs. ","FXMed Team","General Wellness","5 min read","draft","","",""
"Comforting Fire roasted corn Soup","comforting-fire-roasted-corn-soup-441","Roasted corn has a caramelized flavor that pairs well with this soup's creamy texture. Jalapeno peppers add kick.","FXMed Team","General Wellness","5 min read","draft","","",""
"Comforting French onion Soup","comforting-french-onion-soup-442","Cooking the onions for a very long time is the key to this classic French onion soup.","FXMed Team","General Wellness","5 min read","draft","","",""
"Fried rice with mushrooms","fried-rice-with-mushrooms-443","This fried rice is as flavorful as your favorite takeout version, but it's packed with brown rice and veggies.","FXMed Team","General Wellness","5 min read","draft","","",""
"Garlic cauliflower potato mash","garlic-cauliflower-potato-mash-444","Be sure not to over whip the potatoes or they will take on a paste-like texture.","FXMed Team","General Wellness","5 min read","draft","","",""
"Grilled salmon","grilled-salmon-445","Try grilling lemons, cut-side down, alongside this grilled salmon. Grilled lemons have a sweeter, concentrated flavor and make for a fun presentation.","FXMed Team","General Wellness","5 min read","draft","","",""
"Herbed Asiago polenta","herbed-asiago-polenta-446","This recipe can be prepared a day or two in advance and be rewarmed in the oven. Store in the refrigerator.","FXMed Team","Nutrition & Healthy Eating","5 min read","draft","","",""
"Honey sage carrots","honey-sage-carrots-447","You'll be fighting over this bowl of sweet sauteed carrots with fresh sage and honey.","FXMed Team","General Wellness","5 min read","draft","","",""
"House ranch dressing","house-ranch-dressing-448","Guests at the Mayo Clinic Healthy Living Program can't get enough of the house ranch dressing, made from fat-free plain Greek yogurt.","FXMed Team","General Wellness","5 min read","draft","","",""
"Italian meatballs","italian-meatballs-449","You can freeze uncooked meatballs in an airtight container for up to 3 months. Thaw meatballs in the refrigerator overnight before baking.","FXMed Team","General Wellness","5 min read","draft","","",""
"Lemon pudding cakes","lemon-pudding-cakes-450","As this dessert bakes, a cake layer will form on the top with a creamy pudding layer underneath.","FXMed Team","General Wellness","5 min read","draft","","",""
"Lentil ragout","lentil-ragout-451","Any color of lentils may be used in this thick vegetarian stew, but red lentils will give the dish a beautiful rich color.","FXMed Team","General Wellness","5 min read","draft","","",""
"Marinara sauce","marinara-sauce-452","Use this homemade marinara for spaghetti, lasagna, pita pizza, chicken Parmesan and meatball subs. The red wine can be omitted, if desired.","FXMed Team","General Wellness","5 min read","draft","","",""
"Comforting Mushroom barley Soup","comforting-mushroom-barley-soup-453","This hearty barley soup is an excellent way to use up any cooked vegetables you have on hand.","FXMed Team","Heart Health","5 min read","draft","","",""
"Overnight orange cinnamon baked French toast","overnight-orange-cinnamon-baked-french-toast-454","This make-ahead French toast is perfect for houseguests or brunch -; it gets completely assembled the night before you plan to bake and serve it.","FXMed Team","General Wellness","5 min read","draft","","",""
"Overnight refrigerator oatmeal","overnight-refrigerator-oatmeal-455","Loaded with calcium, protein and fiber, this oatmeal will keep in the fridge up to 2 days. Try unsweetened almond or soy milk for a dairy-free option.","FXMed Team","Nutrition & Healthy Eating","5 min read","draft","","",""
"Parmesan roasted cauliflower","parmesan-roasted-cauliflower-456","Parmesan bread crumbs add texture and flavor to roasted cauliflower florets.","FXMed Team","General Wellness","5 min read","draft","","",""
"Peanut butter hummus","peanut-butter-hummus-457","This fresh spin on traditional hummus can be spread on sandwiches or served as a dip for apples and celery.","FXMed Team","General Wellness","5 min read","draft","","",""
"Pecan-crusted tofu","pecan-crusted-tofu-458","If you've never tried tofu, this is an excellent introduction. Use whatever nuts you have on hand.","FXMed Team","General Wellness","5 min read","draft","","",""
"Pico de gallo","pico-de-gallo-459","This fresh uncooked tomato salsa is perfect with chips, tacos or grilled fish.","FXMed Team","General Wellness","5 min read","draft","","",""
"Pita pizza","pita-pizza-460","Time-saving tip: Double the batch and place uncooked prepared pizzas in the freezer for later.","FXMed Team","General Wellness","5 min read","draft","","",""
"Potato cauliflower au gratin","potato-cauliflower-au-gratin-461","Chop potatoes and cauliflower about the size of a nickel so the dish will cook evenly in 25 minutes.","FXMed Team","General Wellness","5 min read","draft","","",""
"Pumpkin spice muffins","pumpkin-spice-muffins-462","When baking, use Greek yogurt to reduce or replace shortening, oil or butter. This cuts fat and makes muffins extra moist and tender.","FXMed Team","General Wellness","5 min read","draft","","",""
"Comforting Quibebe Soup","comforting-quibebe-soup-463","Need a new recipe for butternut squash? Try quibebe -; a delicious, thick, squash-based South American soup. ","FXMed Team","Nutrition & Healthy Eating","5 min read","draft","","",""
"Quinoa cakes","quinoa-cakes-464","These golden-brown quinoa cakes are packed with nutrients and protein and are excellent served hot or at room temperature.","FXMed Team","General Wellness","5 min read","draft","","",""
"Roasted butternut squash fries","roasted-butternut-squash-fries-465","Roasted butternut squash fries are sweeter and healthier than traditional French fries. This recipe also works well with sweet potatoes or acorn squash.","FXMed Team","Nutrition & Healthy Eating","5 min read","draft","","",""
"Roasted Cornish hen","roasted-cornish-hen-466","Follow this fool-proof recipe for a juicy, tender, flavorful roasted Cornish hen.","FXMed Team","Nutrition & Healthy Eating","5 min read","draft","","",""
"Roasted green beans","roasted-green-beans-467","Looking for a fast side dish? This colorful combination of roasted green beans, tomatoes and fresh herbs can be ready in less than 20 minutes. ","FXMed Team","General Wellness","5 min read","draft","","",""
"Roasted red pepper hummus","roasted-red-pepper-hummus-468","Hummus is great as a spread for wraps and sandwiches. It can be kept in the fridge for up to one week.","FXMed Team","General Wellness","5 min read","draft","","",""
"Roasted red bell pepper pineapple salsa","roasted-red-bell-pepper-pineapple-salsa-469","In a rush? Use roasted red peppers from a jar instead of roasting your own.","FXMed Team","General Wellness","5 min read","draft","","",""
"Roasted red pepper pesto","roasted-red-pepper-pesto-470","Traditional pesto is made with basil and pine nuts, but you can experiment with many variations. This one's a winner!","FXMed Team","General Wellness","5 min read","draft","","",""
"Seared scallops","seared-scallops-471","The secret to making seared scallops at home is a hot pan, a little olive oil and fresh herbs.","FXMed Team","General Wellness","5 min read","draft","","",""
"Sesame ginger shrimp","sesame-ginger-shrimp-472","Memorize the marinade for this easy, one-skillet sesame ginger shrimp. It's good on chicken, tofu, pork and beef, and makes a great dip for kebabs.","FXMed Team","General Wellness","5 min read","draft","","",""
"Shepherd's pie","shepherds-pie-473","Leaving the peel on the potatoes adds fiber to this savory Irish meat pie, which is topped with a crust of mashed potatoes.","FXMed Team","General Wellness","5 min read","draft","","",""
"Shrimp kebabs","shrimp-kebabs-474","This recipe calls for fresh tarragon and rosemary, but you can substitute dried instead. Or try fresh cilantro and lime juice.","FXMed Team","Nutrition & Healthy Eating","5 min read","draft","","",""
"6-grain hot cereal","6-grain-hot-cereal-475","Make a big batch of this cereal on the weekend and reheat all week. Top with fruit or yogurt to add natural sweetness.","FXMed Team","General Wellness","5 min read","draft","","",""
"Smoked gouda and Vegetable poached egg sandwich","smoked-gouda-and-vegetable-poached-egg-sandwich-476","This open-faced breakfast sandwich is a savory stack of roasted red peppers, smoked Gouda cheese and a poached egg.","FXMed Team","Pain Management","5 min read","draft","","",""
"Smoked Gouda poblano turkey burger","smoked-gouda-poblano-turkey-burger-477","This turkey burger is bursting with flavor, thanks to poblano peppers, smoked Gouda cheese, lime juice and cumin in the patty mixture.","FXMed Team","General Wellness","5 min read","draft","","",""
"Smoked Gouda vegetable risotto","smoked-gouda-vegetable-risotto-478","Smoked gouda, crimini mushrooms and sweet grape tomatoes are a winning combination in this brown rice risotto.","FXMed Team","General Wellness","5 min read","draft","","",""
"Smoky frittata","smoky-frittata-479","If you can't find smoked Gouda, add 1/4 teaspoon of liquid smoke to regular Gouda cheese.","FXMed Team","General Wellness","5 min read","draft","","",""
"Soba noodle stir-fry with coconut curry sauce","soba-noodle-stir-fry-with-coconut-curry-sauce-480","Using coconut milk and shredded coconut in this soba noodle curry adds depth of flavor.","FXMed Team","General Wellness","5 min read","draft","","",""
"Soft chocolate cake","soft-chocolate-cake-481","Be sure to use two round cake pans, unless using a deeper pan. The coffee helps give the chocolate its deep color.","FXMed Team","General Wellness","5 min read","draft","","",""
"Spinach and Mushroom souffle","spinach-and-mushroom-souffle-482","When you cook with pungent cheeses, you only need a small amount for strong flavor, which saves on calories and fat.","FXMed Team","General Wellness","5 min read","draft","","",""
"Steak with chimichurri sauce","steak-with-chimichurri-sauce-483","Before grilling skirt steak, try marinating it in chimichurri -; a tangy sauce from Argentina made with parsley and garlic.","FXMed Team","General Wellness","5 min read","draft","","",""
"Strawberry mockarita","strawberry-mockarita-484","This nonalcoholic cocktail is a festive way to start or end your meal.","FXMed Team","Nutrition & Healthy Eating","5 min read","draft","","",""
"Stuffed acorn squash","stuffed-acorn-squash-485","This recipe works with other squashes and grains. Butternut squash and brown rice or couscous are great options.","FXMed Team","Nutrition & Healthy Eating","5 min read","draft","","",""
"Quinoa stuffed peppers","quinoa-stuffed-peppers-486","Stuffed peppers are often made with ground meat. This meatless version is made with quinoa, walnuts, tomatoes and zucchini.","FXMed Team","General Wellness","5 min read","draft","","",""
"Sundried tomato pesto mayo","sundried-tomato-pesto-mayo-487","This homemade sundried tomato pesto mayonnaise can be spread on your favorite sandwich or used as a vegetable dip. ","FXMed Team","General Wellness","5 min read","draft","","",""
"Sweet potato gnocchi","sweet-potato-gnocchi-488","Baking sweet potatoes for this homemade gnocchi will bring out their natural sweetness, but you can microwave or boil them if you're in a hurry.","FXMed Team","General Wellness","5 min read","draft","","",""
"Sweet potato souffle","sweet-potato-souffle-489","Baked souffles have a reputation for being tricky, but they're actually very easy. This sweet potato version makes a unique side dish.","FXMed Team","General Wellness","5 min read","draft","","",""
"Thai peanut beef","thai-peanut-beef-490","Making this Thai peanut beef dish is quicker than ordering takeout. Serve with brown rice and broccoli or bok choy.","FXMed Team","General Wellness","5 min read","draft","","",""
"Thyme roasted beets","thyme-roasted-beets-491","If you don't want to peel hot beets, you can peel and cut raw beets, toss with oil and seasonings and roast for about 25 minutes.","FXMed Team","General Wellness","5 min read","draft","","",""
"Tomato basil pesto sauce","tomato-basil-pesto-sauce-492","To make this sauce in less time, use canned, diced tomatoes with no added salt instead of fresh Roma tomatoes. They will cook down faster.","FXMed Team","General Wellness","5 min read","draft","","",""
"Turkey breast burgers for two","turkey-breast-burgers-for-two-493","This meatloaf-style turkey burger mixture makes tasty burgers. ","FXMed Team","General Wellness","5 min read","draft","","",""
"Turkey pesto melt","turkey-pesto-melt-494","A thin layer of homemade pesto mayonnaise dresses up this turkey sandwich. It's perfect for a weeknight dinner.","FXMed Team","General Wellness","5 min read","draft","","",""
"Tzatziki sauce","tzatziki-sauce-495","Tzatziki is a Greek yogurt sauce. It's a tangy counterpoint to barbecued meats, kebabs and falafel. You can also use it as a vegetable dip.","FXMed Team","General Wellness","5 min read","draft","","",""
"Vegetable lasagna roll-ups","vegetable-lasagna-roll-ups-496","This meatless take on lasagna is packed with bold flavors. Use any leftover pesto spread on sandwiches or in pasta salad.","FXMed Team","General Wellness","5 min read","draft","","",""
"Vegetable stir-fry","vegetable-stir-fry-497","This is the ultimate clean-out-the-refrigerator meal. Try bean sprouts, sugar snap peas or snow peas. Add leftover grilled chicken, sauteed shrimp or tofu.","FXMed Team","Nutrition & Healthy Eating","5 min read","draft","","",""
"Comforting White bean escarole Soup","comforting-white-bean-escarole-soup-498","This hearty vegetarian soup is packed with cannellini beans, sun-dried tomatoes and escarole. ","FXMed Team","Heart Health","5 min read","draft","","",""
"Whole-wheat orzo with roasted vegetables","whole-wheat-orzo-with-roasted-vegetables-499","This dish flips the typical pasta-to-vegetable ratio, combining a small amount of whole-wheat orzo with a whole pan full of sweet roasted vegetables.","FXMed Team","General Wellness","5 min read","draft","","",""
"Whole-wheat pumpkin pancakes","whole-wheat-pumpkin-pancakes-500","If you want to prepare the batter ahead of time, keep the dry and wet ingredients separate until ready to cook.","FXMed Team","General Wellness","5 min read","draft","","",""
"Core-strength exercises with a fitness ball [Visual Guide]","core-strength-exercises-with-a-fitness-ball-visual-guide-501","Want to improve your core strength? Check out this slide show of exercises you can do with a fitness ball.","FXMed Team","Exercise & Fitness","5 min read","draft","","",""
"Weight training exercises [Visual Guide]","weight-training-exercises-visual-guide-502","Starting a weight training program? See how to strengthen your body's major muscle groups.","FXMed Team","Exercise & Fitness","5 min read","draft","","",""
"10 Exercise barriers: tips to Overcome them","10-exercise-barriers-tips-to-overcome-them-503","It's not easy to stick with an exercise routine. Get practical tips for overcoming common barriers.","FXMed Team","Exercise & Fitness","5 min read","draft","","",""
"10 Ways to Burn more calories at work","10-ways-to-burn-more-calories-at-work-504","Make workplace physical activity -; from fitness breaks to walking meetings -; part of your routine.","FXMed Team","Exercise & Fitness","5 min read","draft","","",""
"7 Benefits of regular physical activity","7-benefits-of-regular-physical-activity-505","The list of health benefits of regular physical activity keeps growing. Check out seven proven ways exercise can improve your life.","FXMed Team","Exercise & Fitness","5 min read","draft","","",""
"Fitting in fitness","fitting-in-fitness-506","Try these ideas to make fitness a daily part of your busy life.","FXMed Team","Exercise & Fitness","5 min read","draft","","",""
"Food energy density: Feel full with fewer calories","food-energy-density-feel-full-with-fewer-calories-507","Eating foods low in energy density can make you full -; without all of the calories.","FXMed Team","Nutrition & Healthy Eating","5 min read","draft","","",""
"10 Healthy-eating tips to Dining out","10-healthy-eating-tips-to-dining-out-508","Dining out doesn't have to derail your healthy dietary behaviors. Enjoy a healthy restaurant meal with these tips.","FXMed Team","Nutrition & Healthy Eating","5 min read","draft","","",""
"7 Dietary sources of energy","7-dietary-sources-of-energy-509","Looking for more energy to get you through the day? Discover which nutrients can help.","FXMed Team","Nutrition & Healthy Eating","5 min read","draft","","",""
"Stop-smoking products: Know your options","stop-smoking-products-know-your-options-510","Discover about the different types of stop-smoking medications, including how they work and possible side effects.","FXMed Team","Smoking Cessation","5 min read","draft","","",""
"Food safety steps","food-safety-steps-511","Follow these four principles to reduce the risk of foodborne illness -; clean, separate, cook and chill.","FXMed Team","Nutrition & Healthy Eating","5 min read","draft","","",""
"Dos and Don'ts when you can't sleep","dos-and-donts-when-you-cant-sleep-512","Can't sleep? Follow these strategies to fall asleep faster and stay asleep through the night.","FXMed Team","Mental Health & Stress","5 min read","draft","","",""
"Soothe achy joints","soothe-achy-joints-513","Wellness tips from Mayo Clinic, featuring simple strategies for a healthy lifestyle","FXMed Team","Healthy Habits","5 min read","draft","","",""
"Recognize your successes","recognize-your-successes-514","Wellness tips from Mayo Clinic, featuring simple strategies for a healthy lifestyle","FXMed Team","Healthy Habits","5 min read","draft","","",""
"Exercise: Find your comfort zone","exercise-find-your-comfort-zone-515","Wellness tips from Mayo Clinic, featuring simple strategies for a healthy lifestyle","FXMed Team","Exercise & Fitness","5 min read","draft","","",""
"Getting Your balance","getting-your-balance-516","Wellness tips from Mayo Clinic, featuring simple strategies for a healthy lifestyle","FXMed Team","Healthy Habits","5 min read","draft","","",""
"Overcome exercise boredom","overcome-exercise-boredom-517","Wellness tips from Mayo Clinic, featuring simple strategies for a healthy lifestyle","FXMed Team","Exercise & Fitness","5 min read","draft","","",""
"Protect yourself with core strength","protect-yourself-with-core-strength-518","Wellness tips from Mayo Clinic, featuring simple strategies for a healthy lifestyle","FXMed Team","Healthy Habits","5 min read","draft","","",""
"Trying Interval training","trying-interval-training-519","Wellness tips from Mayo Clinic, featuring simple strategies for a healthy lifestyle","FXMed Team","Exercise & Fitness","5 min read","draft","","",""
"Fitness ball basics","fitness-ball-basics-520","Wellness tips from Mayo Clinic, featuring simple strategies for a healthy lifestyle","FXMed Team","Exercise & Fitness","5 min read","draft","","",""
"Shrug off setbacks","shrug-off-setbacks-521","Wellness tips from Mayo Clinic, featuring simple strategies for a healthy lifestyle","FXMed Team","Healthy Habits","5 min read","draft","","",""
"Seven-minute shapeup","seven-minute-shapeup-522","Wellness tips from Mayo Clinic, featuring simple strategies for a healthy lifestyle","FXMed Team","Healthy Habits","5 min read","draft","","",""
"The anti-worry workout","the-anti-worry-workout-523","Wellness tips from Mayo Clinic, featuring simple strategies for a healthy lifestyle","FXMed Team","Exercise & Fitness","5 min read","draft","","",""
"Exercise (at least) this much","exercise-at-least-this-much-524","Wellness tips from Mayo Clinic, featuring simple strategies for a healthy lifestyle","FXMed Team","Exercise & Fitness","5 min read","draft","","",""
"Eat before a.m. exercise","eat-before-am-exercise-525","Wellness tips from Mayo Clinic, featuring simple strategies for a healthy lifestyle","FXMed Team","Exercise & Fitness","5 min read","draft","","",""
"Find a fitness friend","find-a-fitness-friend-526","Wellness tips from Mayo Clinic, featuring simple strategies for a healthy lifestyle","FXMed Team","Exercise & Fitness","5 min read","draft","","",""
"Weight training: Start here","weight-training-start-here-527","Wellness tips from Mayo Clinic, featuring simple strategies for a healthy lifestyle","FXMed Team","Exercise & Fitness","5 min read","draft","","",""
"Short workouts work","short-workouts-work-528","Wellness tips from Mayo Clinic, featuring simple strategies for a healthy lifestyle","FXMed Team","Exercise & Fitness","5 min read","draft","","",""
"Rx for family fitness","rx-for-family-fitness-529","Wellness tips from Mayo Clinic, featuring simple strategies for a healthy lifestyle","FXMed Team","Exercise & Fitness","5 min read","draft","","",""
"Flex yourself","flex-yourself-530","Wellness tips from Mayo Clinic, featuring simple strategies for a healthy lifestyle","FXMed Team","Healthy Habits","5 min read","draft","","",""
"Pedal safely","pedal-safely-531","Wellness tips from Mayo Clinic, featuring simple strategies for a healthy lifestyle","FXMed Team","Healthy Habits","5 min read","draft","","",""
"Home workouts","home-workouts-532","Wellness tips from Mayo Clinic, featuring simple strategies for a healthy lifestyle","FXMed Team","Exercise & Fitness","5 min read","draft","","",""
"Taking Fitness on the road","taking-fitness-on-the-road-533","Wellness tips from Mayo Clinic, featuring simple strategies for a healthy lifestyle","FXMed Team","Exercise & Fitness","5 min read","draft","","",""
"Turn up your workout","turn-up-your-workout-534","Wellness tips from Mayo Clinic, featuring simple strategies for a healthy lifestyle","FXMed Team","Exercise & Fitness","5 min read","draft","","",""
"Water or sports drink?","water-or-sports-drink-535","Wellness tips from Mayo Clinic, featuring simple strategies for a healthy lifestyle","FXMed Team","Healthy Habits","5 min read","draft","","",""
"Sizing up your fitness ball","sizing-up-your-fitness-ball-536","Wellness tips from Mayo Clinic, featuring simple strategies for a healthy lifestyle","FXMed Team","Exercise & Fitness","5 min read","draft","","",""
"Strength training: How much weight?","strength-training-how-much-weight-537","Wellness tips from Mayo Clinic, featuring simple strategies for a healthy lifestyle","FXMed Team","Exercise & Fitness","5 min read","draft","","",""
"If the (exercise) shoe fits…","if-the-exercise-shoe-fits-538","Wellness tips from Mayo Clinic, featuring simple strategies for a healthy lifestyle","FXMed Team","Exercise & Fitness","5 min read","draft","","",""
"Exercise inspiration","exercise-inspiration-539","Wellness tips from Mayo Clinic, featuring simple strategies for a healthy lifestyle","FXMed Team","Exercise & Fitness","5 min read","draft","","",""
"Combine work and Workout","combine-work-and-workout-540","Wellness tips from Mayo Clinic, featuring simple strategies for a healthy lifestyle","FXMed Team","Exercise & Fitness","5 min read","draft","","",""
"Healthy snacks made easy","healthy-snacks-made-easy-541","Wellness tips from Mayo Clinic, featuring simple strategies for a healthy lifestyle","FXMed Team","Healthy Habits","5 min read","draft","","",""
"Log some mall mileage","log-some-mall-mileage-542","Wellness tips from Mayo Clinic, featuring simple strategies for a healthy lifestyle","FXMed Team","Healthy Habits","5 min read","draft","","",""
"Lunch breaks with legs","lunch-breaks-with-legs-543","Wellness tips from Mayo Clinic, featuring simple strategies for a healthy lifestyle","FXMed Team","Healthy Habits","5 min read","draft","","",""
"Making Friends with fitness","making-friends-with-fitness-544","Wellness tips from Mayo Clinic, featuring simple strategies for a healthy lifestyle","FXMed Team","Exercise & Fitness","5 min read","draft","","",""
"Making A date with exercise","making-a-date-with-exercise-545","Wellness tips from Mayo Clinic, featuring simple strategies for a healthy lifestyle","FXMed Team","Exercise & Fitness","5 min read","draft","","",""
"Curb emotional eating","curb-emotional-eating-546","Wellness tips from Mayo Clinic, featuring simple strategies for a healthy lifestyle","FXMed Team","Nutrition & Healthy Eating","5 min read","draft","","",""
"Plan moving meetings","plan-moving-meetings-547","Wellness tips from Mayo Clinic, featuring simple strategies for a healthy lifestyle","FXMed Team","Healthy Habits","5 min read","draft","","",""
"Healthy eating on the road","healthy-eating-on-the-road-548","Wellness tips from Mayo Clinic, featuring simple strategies for a healthy lifestyle","FXMed Team","Nutrition & Healthy Eating","5 min read","draft","","",""
"Loosen up","loosen-up-549","Wellness tips from Mayo Clinic, featuring simple strategies for a healthy lifestyle","FXMed Team","Healthy Habits","5 min read","draft","","",""
"Snack-free celebrating","snack-free-celebrating-550","Wellness tips from Mayo Clinic, featuring simple strategies for a healthy lifestyle","FXMed Team","Healthy Habits","5 min read","draft","","",""
"Taking A walk","taking-a-walk-551","Wellness tips from Mayo Clinic, featuring simple strategies for a healthy lifestyle","FXMed Team","Healthy Habits","5 min read","draft","","",""
"Maintain, don't gain","maintain-dont-gain-552","Wellness tips from Mayo Clinic, featuring simple strategies for a healthy lifestyle","FXMed Team","Healthy Habits","5 min read","draft","","",""
"Strategize for more exercise","strategize-for-more-exercise-553","Wellness tips from Mayo Clinic, featuring simple strategies for a healthy lifestyle","FXMed Team","Exercise & Fitness","5 min read","draft","","",""
"Sunset walking","sunset-walking-554","Wellness tips from Mayo Clinic, featuring simple strategies for a healthy lifestyle","FXMed Team","Healthy Habits","5 min read","draft","","",""
"Novelty workout","novelty-workout-555","Wellness tips from Mayo Clinic, featuring simple strategies for a healthy lifestyle","FXMed Team","Exercise & Fitness","5 min read","draft","","",""
"TV treads","tv-treads-556","Wellness tips from Mayo Clinic, featuring simple strategies for a healthy lifestyle","FXMed Team","Healthy Habits","5 min read","draft","","",""
"Stairway to health","stairway-to-health-557","Wellness tips from Mayo Clinic, featuring simple strategies for a healthy lifestyle","FXMed Team","Healthy Habits","5 min read","draft","","",""
"Family fitness","family-fitness-558","Wellness tips from Mayo Clinic, featuring simple strategies for a healthy lifestyle","FXMed Team","Exercise & Fitness","5 min read","draft","","",""
"Morning metabolism booster","morning-metabolism-booster-559","Wellness tips from Mayo Clinic, featuring simple strategies for a healthy lifestyle","FXMed Team","Healthy Habits","5 min read","draft","","",""
"Break boring eating habits","break-boring-eating-habits-560","Wellness tips from Mayo Clinic, featuring simple strategies for a healthy lifestyle","FXMed Team","Nutrition & Healthy Eating","5 min read","draft","","",""
"Brown-bag it","brown-bag-it-561","Wellness tips from Mayo Clinic, featuring simple strategies for a healthy lifestyle","FXMed Team","Healthy Habits","5 min read","draft","","",""
"Getting Wholesome","getting-wholesome-562","Wellness tips from Mayo Clinic, featuring simple strategies for a healthy lifestyle","FXMed Team","Healthy Habits","5 min read","draft","","",""
"Veggie challenge","veggie-challenge-563","Wellness tips from Mayo Clinic, featuring simple strategies for a healthy lifestyle","FXMed Team","Healthy Habits","5 min read","draft","","",""
"Dessert change-up","dessert-change-up-564","Wellness tips from Mayo Clinic, featuring simple strategies for a healthy lifestyle","FXMed Team","Healthy Habits","5 min read","draft","","",""
"Home cooking","home-cooking-565","Wellness tips from Mayo Clinic, featuring simple strategies for a healthy lifestyle","FXMed Team","Healthy Habits","5 min read","draft","","",""
"Colorful meals","colorful-meals-566","Wellness tips from Mayo Clinic, featuring simple strategies for a healthy lifestyle","FXMed Team","Nutrition & Healthy Eating","5 min read","draft","","",""
"Munch on this","munch-on-this-567","Wellness tips from Mayo Clinic, featuring simple strategies for a healthy lifestyle","FXMed Team","Healthy Habits","5 min read","draft","","",""
"Go fish","go-fish-568","Wellness tips from Mayo Clinic, featuring simple strategies for a healthy lifestyle","FXMed Team","Healthy Habits","5 min read","draft","","",""
"Tofu for you?","tofu-for-you-569","Wellness tips from Mayo Clinic, featuring simple strategies for a healthy lifestyle","FXMed Team","Healthy Habits","5 min read","draft","","",""
"Your party secret: Portion control","your-party-secret-portion-control-570","Wellness tips from Mayo Clinic, featuring simple strategies for a healthy lifestyle","FXMed Team","Healthy Habits","5 min read","draft","","",""
"Listen, honey: It's for my health","listen-honey-its-for-my-health-571","Wellness tips from Mayo Clinic, featuring simple strategies for a healthy lifestyle","FXMed Team","Healthy Habits","5 min read","draft","","",""
"Busy day? Put exercise first","busy-day-put-exercise-first-572","Wellness tips from Mayo Clinic, featuring simple strategies for a healthy lifestyle","FXMed Team","Exercise & Fitness","5 min read","draft","","",""
"Meals made simple","meals-made-simple-573","Wellness tips from Mayo Clinic, featuring simple strategies for a healthy lifestyle","FXMed Team","Nutrition & Healthy Eating","5 min read","draft","","",""
"Starting Today, celebrate tomorrow","starting-today-celebrate-tomorrow-574","Wellness tips from Mayo Clinic, featuring simple strategies for a healthy lifestyle","FXMed Team","Healthy Habits","5 min read","draft","","",""
"All or nothing?","all-or-nothing-575","Wellness tips from Mayo Clinic, featuring simple strategies for a healthy lifestyle","FXMed Team","Healthy Habits","5 min read","draft","","",""
"Think health, not weight","think-health-not-weight-576","Wellness tips from Mayo Clinic, featuring simple strategies for a healthy lifestyle","FXMed Team","Healthy Habits","5 min read","draft","","",""
"Exercise success: Just a step away","exercise-success-just-a-step-away-577","Wellness tips from Mayo Clinic, featuring simple strategies for a healthy lifestyle","FXMed Team","Exercise & Fitness","5 min read","draft","","",""
"Weight loss takes time","weight-loss-takes-time-578","Wellness tips from Mayo Clinic, featuring simple strategies for a healthy lifestyle","FXMed Team","Weight Management","5 min read","draft","","",""
"Weight loss stopped? Take the long view","weight-loss-stopped-take-the-long-view-579","Wellness tips from Mayo Clinic, featuring simple strategies for a healthy lifestyle","FXMed Team","Weight Management","5 min read","draft","","",""
"Accept mistakes and Move on","accept-mistakes-and-move-on-580","Wellness tips from Mayo Clinic, featuring simple strategies for a healthy lifestyle","FXMed Team","Healthy Habits","5 min read","draft","","",""
"Trying A post-work workout","trying-a-post-work-workout-581","Wellness tips from Mayo Clinic, featuring simple strategies for a healthy lifestyle","FXMed Team","Exercise & Fitness","5 min read","draft","","",""
"Energize with exercise","energize-with-exercise-582","Wellness tips from Mayo Clinic, featuring simple strategies for a healthy lifestyle","FXMed Team","Exercise & Fitness","5 min read","draft","","",""
"Winning with steady weight loss","winning-with-steady-weight-loss-583","Wellness tips from Mayo Clinic, featuring simple strategies for a healthy lifestyle","FXMed Team","Weight Management","5 min read","draft","","",""
"Not hungry in the a.m.? Try this","not-hungry-in-the-am-try-this-584","Wellness tips from Mayo Clinic, featuring simple strategies for a healthy lifestyle","FXMed Team","Healthy Habits","5 min read","draft","","",""
"Menu planning 101","menu-planning-101-585","Wellness tips from Mayo Clinic, featuring simple strategies for a healthy lifestyle","FXMed Team","Healthy Habits","5 min read","draft","","",""
"Rewrite your routine","rewrite-your-routine-586","Wellness tips from Mayo Clinic, featuring simple strategies for a healthy lifestyle","FXMed Team","Healthy Habits","5 min read","draft","","",""
"Prevent party overeating","prevent-party-overeating-587","Wellness tips from Mayo Clinic, featuring simple strategies for a healthy lifestyle","FXMed Team","Nutrition & Healthy Eating","5 min read","draft","","",""
"Reboot with social support","reboot-with-social-support-588","Wellness tips from Mayo Clinic, featuring simple strategies for a healthy lifestyle","FXMed Team","Healthy Habits","5 min read","draft","","",""
"Getting Fit, no gym needed","getting-fit-no-gym-needed-589","Wellness tips from Mayo Clinic, featuring simple strategies for a healthy lifestyle","FXMed Team","Healthy Habits","5 min read","draft","","",""
"Work out in your comfort zone","work-out-in-your-comfort-zone-590","Wellness tips from Mayo Clinic, featuring simple strategies for a healthy lifestyle","FXMed Team","Healthy Habits","5 min read","draft","","",""
"Road warrior workouts","road-warrior-workouts-591","Wellness tips from Mayo Clinic, featuring simple strategies for a healthy lifestyle","FXMed Team","Exercise & Fitness","5 min read","draft","","",""
"Managing mood and Food","managing-mood-and-food-592","Wellness tips from Mayo Clinic, featuring simple strategies for a healthy lifestyle","FXMed Team","Mental Health & Stress","5 min read","draft","","",""
"Be kind to yourself","be-kind-to-yourself-593","Wellness tips from Mayo Clinic, featuring simple strategies for a healthy lifestyle","FXMed Team","Healthy Habits","5 min read","draft","","",""
"Managing weight in stressful times","managing-weight-in-stressful-times-594","Wellness tips from Mayo Clinic, featuring simple strategies for a healthy lifestyle","FXMed Team","Mental Health & Stress","5 min read","draft","","",""
"Don't let a slip-up trip you up","dont-let-a-slip-up-trip-you-up-595","Wellness tips from Mayo Clinic, featuring simple strategies for a healthy lifestyle","FXMed Team","Healthy Habits","5 min read","draft","","",""
"Plan for indoor exercise","plan-for-indoor-exercise-596","Wellness tips from Mayo Clinic, featuring simple strategies for a healthy lifestyle","FXMed Team","Exercise & Fitness","5 min read","draft","","",""
"How to start over","how-to-start-over-597","Wellness tips from Mayo Clinic, featuring simple strategies for a healthy lifestyle","FXMed Team","Healthy Habits","5 min read","draft","","",""
"Step up your workout","step-up-your-workout-598","Wellness tips from Mayo Clinic, featuring simple strategies for a healthy lifestyle","FXMed Team","Exercise & Fitness","5 min read","draft","","",""
"Weight plateau: What now?","weight-plateau-what-now-599","Wellness tips from Mayo Clinic, featuring simple strategies for a healthy lifestyle","FXMed Team","Healthy Habits","5 min read","draft","","",""
"Eat less with these tips","eat-less-with-these-tips-600","Wellness tips from Mayo Clinic, featuring simple strategies for a healthy lifestyle","FXMed Team","Healthy Habits","5 min read","draft","","",""
"Avoid game-day temptations","avoid-game-day-temptations-601","Wellness tips from Mayo Clinic, featuring simple strategies for a healthy lifestyle","FXMed Team","Healthy Habits","5 min read","draft","","",""
"Find some cooking shortcuts","find-some-cooking-shortcuts-602","Wellness tips from Mayo Clinic, featuring simple strategies for a healthy lifestyle","FXMed Team","Healthy Habits","5 min read","draft","","",""
"Breakfast reimagined","breakfast-reimagined-603","Wellness tips from Mayo Clinic, featuring simple strategies for a healthy lifestyle","FXMed Team","Healthy Habits","5 min read","draft","","",""
"Deter midday cravings","deter-midday-cravings-604","Wellness tips from Mayo Clinic, featuring simple strategies for a healthy lifestyle","FXMed Team","Healthy Habits","5 min read","draft","","",""
"Say good night to midnight snacking","say-good-night-to-midnight-snacking-605","Wellness tips from Mayo Clinic, featuring simple strategies for a healthy lifestyle","FXMed Team","Healthy Habits","5 min read","draft","","",""
"Don't sleep on it","dont-sleep-on-it-606","Wellness tips from Mayo Clinic, featuring simple strategies for a healthy lifestyle","FXMed Team","Mental Health & Stress","5 min read","draft","","",""
"Darken up","darken-up-607","Wellness tips from Mayo Clinic, featuring simple strategies for a healthy lifestyle","FXMed Team","Healthy Habits","5 min read","draft","","",""
"Fruits and Veggies: mix it up","fruits-and-veggies-mix-it-up-608","Wellness tips from Mayo Clinic, featuring simple strategies for a healthy lifestyle","FXMed Team","Healthy Habits","5 min read","draft","","",""
"Bedtime prep","bedtime-prep-609","Wellness tips from Mayo Clinic, featuring simple strategies for a healthy lifestyle","FXMed Team","Healthy Habits","5 min read","draft","","",""
"Breathe before bedtime","breathe-before-bedtime-610","Wellness tips from Mayo Clinic, featuring simple strategies for a healthy lifestyle","FXMed Team","Healthy Habits","5 min read","draft","","",""
"Reset your fitness motivators","reset-your-fitness-motivators-611","Wellness tips from Mayo Clinic, featuring simple strategies for a healthy lifestyle","FXMed Team","Exercise & Fitness","5 min read","draft","","",""
"Don't eat before sleep","dont-eat-before-sleep-612","Wellness tips from Mayo Clinic, featuring simple strategies for a healthy lifestyle","FXMed Team","Mental Health & Stress","5 min read","draft","","",""
"Healthy meal basics","healthy-meal-basics-613","Wellness tips from Mayo Clinic, featuring simple strategies for a healthy lifestyle","FXMed Team","Nutrition & Healthy Eating","5 min read","draft","","",""
"Getting Active, sleep better","getting-active-sleep-better-614","Wellness tips from Mayo Clinic, featuring simple strategies for a healthy lifestyle","FXMed Team","Mental Health & Stress","5 min read","draft","","",""
"Regular bedtimes work","regular-bedtimes-work-615","Wellness tips from Mayo Clinic, featuring simple strategies for a healthy lifestyle","FXMed Team","Healthy Habits","5 min read","draft","","",""
"Too busy to exercise?","too-busy-to-exercise-616","Wellness tips from Mayo Clinic, featuring simple strategies for a healthy lifestyle","FXMed Team","Exercise & Fitness","5 min read","draft","","",""
"No clock-watching allowed","no-clock-watching-allowed-617","Wellness tips from Mayo Clinic, featuring simple strategies for a healthy lifestyle","FXMed Team","Healthy Habits","5 min read","draft","","",""
"Fresh air, better sleep","fresh-air-better-sleep-618","Wellness tips from Mayo Clinic, featuring simple strategies for a healthy lifestyle","FXMed Team","Mental Health & Stress","5 min read","draft","","",""
"Unwind with this","unwind-with-this-619","Wellness tips from Mayo Clinic, featuring simple strategies for a healthy lifestyle","FXMed Team","Healthy Habits","5 min read","draft","","",""
"Don't postpone joy","dont-postpone-joy-620","Wellness tips from Mayo Clinic, featuring simple strategies for a healthy lifestyle","FXMed Team","Healthy Habits","5 min read","draft","","",""
"De-stress with deep breaths","de-stress-with-deep-breaths-621","Wellness tips from Mayo Clinic, featuring simple strategies for a healthy lifestyle","FXMed Team","Mental Health & Stress","5 min read","draft","","",""
"Power up with mini-meditations","power-up-with-mini-meditations-622","Wellness tips from Mayo Clinic, featuring simple strategies for a healthy lifestyle","FXMed Team","Healthy Habits","5 min read","draft","","",""
"Too busy for breakfast?","too-busy-for-breakfast-623","Wellness tips from Mayo Clinic, featuring simple strategies for a healthy lifestyle","FXMed Team","Healthy Habits","5 min read","draft","","",""
"Getting Friendly","getting-friendly-624","Wellness tips from Mayo Clinic, featuring simple strategies for a healthy lifestyle","FXMed Team","Healthy Habits","5 min read","draft","","",""
"Finding support","finding-support-625","Wellness tips from Mayo Clinic, featuring simple strategies for a healthy lifestyle","FXMed Team","Healthy Habits","5 min read","draft","","",""
"Skipped your workout? Just move on","skipped-your-workout-just-move-on-626","Wellness tips from Mayo Clinic, featuring simple strategies for a healthy lifestyle","FXMed Team","Exercise & Fitness","5 min read","draft","","",""
"Ward off late night snacking","ward-off-late-night-snacking-627","Wellness tips from Mayo Clinic, featuring simple strategies for a healthy lifestyle","FXMed Team","Healthy Habits","5 min read","draft","","",""
"Pump it up","pump-it-up-628","Wellness tips from Mayo Clinic, featuring simple strategies for a healthy lifestyle","FXMed Team","Healthy Habits","5 min read","draft","","",""
"7-plus, please","7-plus-please-629","Wellness tips from Mayo Clinic, featuring simple strategies for a healthy lifestyle","FXMed Team","Healthy Habits","5 min read","draft","","",""
"Caffeine-free?","caffeine-free-630","Wellness tips from Mayo Clinic, featuring simple strategies for a healthy lifestyle","FXMed Team","Healthy Habits","5 min read","draft","","",""
"Downtime","downtime-631","Wellness tips from Mayo Clinic, featuring simple strategies for a healthy lifestyle","FXMed Team","Healthy Habits","5 min read","draft","","",""
"Too much work?","too-much-work-632","Wellness tips from Mayo Clinic, featuring simple strategies for a healthy lifestyle","FXMed Team","Healthy Habits","5 min read","draft","","",""
"Keep healthy eating on your roadmap","keep-healthy-eating-on-your-roadmap-633","Wellness tips from Mayo Clinic, featuring simple strategies for a healthy lifestyle","FXMed Team","Nutrition & Healthy Eating","5 min read","draft","","",""
"Focus on food","focus-on-food-634","Wellness tips from Mayo Clinic, featuring simple strategies for a healthy lifestyle","FXMed Team","Nutrition & Healthy Eating","5 min read","draft","","",""
"Your dog will thank you","your-dog-will-thank-you-635","Wellness tips from Mayo Clinic, featuring simple strategies for a healthy lifestyle","FXMed Team","Healthy Habits","5 min read","draft","","",""
"Eat this before you exercise","eat-this-before-you-exercise-636","Wellness tips from Mayo Clinic, featuring simple strategies for a healthy lifestyle","FXMed Team","Exercise & Fitness","5 min read","draft","","",""
"Making A note","making-a-note-637","Wellness tips from Mayo Clinic, featuring simple strategies for a healthy lifestyle","FXMed Team","Healthy Habits","5 min read","draft","","",""
"Mindful eating","mindful-eating-638","Wellness tips from Mayo Clinic, featuring simple strategies for a healthy lifestyle","FXMed Team","Nutrition & Healthy Eating","5 min read","draft","","",""
"Sugar-free day","sugar-free-day-639","Wellness tips from Mayo Clinic, featuring simple strategies for a healthy lifestyle","FXMed Team","Healthy Habits","5 min read","draft","","",""
"Add pizzazz to your exercise routine","add-pizzazz-to-your-exercise-routine-640","Wellness tips from Mayo Clinic, featuring simple strategies for a healthy lifestyle","FXMed Team","Exercise & Fitness","5 min read","draft","","",""
"Drink this","drink-this-641","Wellness tips from Mayo Clinic, featuring simple strategies for a healthy lifestyle","FXMed Team","Healthy Habits","5 min read","draft","","",""
"Water your workout","water-your-workout-642","Wellness tips from Mayo Clinic, featuring simple strategies for a healthy lifestyle","FXMed Team","Exercise & Fitness","5 min read","draft","","",""
"Yes, you can","yes-you-can-643","Wellness tips from Mayo Clinic, featuring simple strategies for a healthy lifestyle","FXMed Team","Healthy Habits","5 min read","draft","","",""
"Noon nutrients","noon-nutrients-644","Wellness tips from Mayo Clinic, featuring simple strategies for a healthy lifestyle","FXMed Team","Healthy Habits","5 min read","draft","","",""
"Eat this","eat-this-645","Wellness tips from Mayo Clinic, featuring simple strategies for a healthy lifestyle","FXMed Team","Healthy Habits","5 min read","draft","","",""
"Just say no","just-say-no-646","Wellness tips from Mayo Clinic, featuring simple strategies for a healthy lifestyle","FXMed Team","Healthy Habits","5 min read","draft","","",""
"Nobody's perfect","nobodys-perfect-647","Wellness tips from Mayo Clinic, featuring simple strategies for a healthy lifestyle","FXMed Team","Healthy Habits","5 min read","draft","","",""
"Unwind at bedtime","unwind-at-bedtime-648","Wellness tips from Mayo Clinic, featuring simple strategies for a healthy lifestyle","FXMed Team","Healthy Habits","5 min read","draft","","",""
"Practice resilience","practice-resilience-649","Wellness tips from Mayo Clinic, featuring simple strategies for a healthy lifestyle","FXMed Team","Healthy Habits","5 min read","draft","","",""
"Work, then walk","work-then-walk-650","Wellness tips from Mayo Clinic, featuring simple strategies for a healthy lifestyle","FXMed Team","Healthy Habits","5 min read","draft","","",""
"Rise and Sweat","rise-and-sweat-651","Wellness tips from Mayo Clinic, featuring simple strategies for a healthy lifestyle","FXMed Team","Healthy Habits","5 min read","draft","","",""
"Class act","class-act-652","Wellness tips from Mayo Clinic, featuring simple strategies for a healthy lifestyle","FXMed Team","Healthy Habits","5 min read","draft","","",""
"Skip the soda","skip-the-soda-653","Wellness tips from Mayo Clinic, featuring simple strategies for a healthy lifestyle","FXMed Team","Healthy Habits","5 min read","draft","","",""
"Change your attitude","change-your-attitude-654","Wellness tips from Mayo Clinic, featuring simple strategies for a healthy lifestyle","FXMed Team","Healthy Habits","5 min read","draft","","",""
"Wholesome eating","wholesome-eating-655","Wellness tips from Mayo Clinic, featuring simple strategies for a healthy lifestyle","FXMed Team","Nutrition & Healthy Eating","5 min read","draft","","",""
"Switch up breakfast","switch-up-breakfast-656","Wellness tips from Mayo Clinic, featuring simple strategies for a healthy lifestyle","FXMed Team","Healthy Habits","5 min read","draft","","",""
"Snack smarter","snack-smarter-657","Wellness tips from Mayo Clinic, featuring simple strategies for a healthy lifestyle","FXMed Team","Healthy Habits","5 min read","draft","","",""
"Unplug over lunch","unplug-over-lunch-658","Wellness tips from Mayo Clinic, featuring simple strategies for a healthy lifestyle","FXMed Team","Healthy Habits","5 min read","draft","","",""
"Trying It","trying-it-659","Wellness tips from Mayo Clinic, featuring simple strategies for a healthy lifestyle","FXMed Team","Healthy Habits","5 min read","draft","","",""
"No TV dinners, please","no-tv-dinners-please-660","Wellness tips from Mayo Clinic, featuring simple strategies for a healthy lifestyle","FXMed Team","Healthy Habits","5 min read","draft","","",""
"Every workout counts","every-workout-counts-661","Wellness tips from Mayo Clinic, featuring simple strategies for a healthy lifestyle","FXMed Team","Exercise & Fitness","5 min read","draft","","",""
"You did it!","you-did-it-662","Wellness tips from Mayo Clinic, featuring simple strategies for a healthy lifestyle","FXMed Team","Healthy Habits","5 min read","draft","","",""
"Success breeds confidence","success-breeds-confidence-663","Wellness tips from Mayo Clinic, featuring simple strategies for a healthy lifestyle","FXMed Team","Healthy Habits","5 min read","draft","","",""
"Think twice","think-twice-664","Wellness tips from Mayo Clinic, featuring simple strategies for a healthy lifestyle","FXMed Team","Healthy Habits","5 min read","draft","","",""
"Reach a goal? Reward yourself","reach-a-goal-reward-yourself-665","Wellness tips from Mayo Clinic, featuring simple strategies for a healthy lifestyle","FXMed Team","Healthy Habits","5 min read","draft","","",""
"Slow weight loss?","slow-weight-loss-666","Wellness tips from Mayo Clinic, featuring simple strategies for a healthy lifestyle","FXMed Team","Weight Management","5 min read","draft","","",""
"Time to update your goals?","time-to-update-your-goals-667","Wellness tips from Mayo Clinic, featuring simple strategies for a healthy lifestyle","FXMed Team","Healthy Habits","5 min read","draft","","",""
"Pace yourself","pace-yourself-668","Wellness tips from Mayo Clinic, featuring simple strategies for a healthy lifestyle","FXMed Team","Healthy Habits","5 min read","draft","","",""
"Starting The day inspired","starting-the-day-inspired-669","Wellness tips from Mayo Clinic, featuring simple strategies for a healthy lifestyle","FXMed Team","Healthy Habits","5 min read","draft","","",""
"Experiment with it","experiment-with-it-670","Wellness tips from Mayo Clinic, featuring simple strategies for a healthy lifestyle","FXMed Team","Healthy Habits","5 min read","draft","","",""
"Setting goals? Keep it real","setting-goals-keep-it-real-671","Wellness tips from Mayo Clinic, featuring simple strategies for a healthy lifestyle","FXMed Team","Healthy Habits","5 min read","draft","","",""
"Nothing to lose by trying","nothing-to-lose-by-trying-672","Wellness tips from Mayo Clinic, featuring simple strategies for a healthy lifestyle","FXMed Team","Healthy Habits","5 min read","draft","","",""
"Practice positive thinking","practice-positive-thinking-673","Wellness tips from Mayo Clinic, featuring simple strategies for a healthy lifestyle","FXMed Team","Healthy Habits","5 min read","draft","","",""
"You're on your way","youre-on-your-way-674","Wellness tips from Mayo Clinic, featuring simple strategies for a healthy lifestyle","FXMed Team","Healthy Habits","5 min read","draft","","",""
"Appreciate your successes","appreciate-your-successes-675","Wellness tips from Mayo Clinic, featuring simple strategies for a healthy lifestyle","FXMed Team","Healthy Habits","5 min read","draft","","",""
"Getting Energized","getting-energized-676","Wellness tips from Mayo Clinic, featuring simple strategies for a healthy lifestyle","FXMed Team","Healthy Habits","5 min read","draft","","",""
"Your daily goal","your-daily-goal-677","Wellness tips from Mayo Clinic, featuring simple strategies for a healthy lifestyle","FXMed Team","Healthy Habits","5 min read","draft","","",""
"Plan for exercise","plan-for-exercise-678","Wellness tips from Mayo Clinic, featuring simple strategies for a healthy lifestyle","FXMed Team","Exercise & Fitness","5 min read","draft","","",""
"Keep going","keep-going-679","Wellness tips from Mayo Clinic, featuring simple strategies for a healthy lifestyle","FXMed Team","Healthy Habits","5 min read","draft","","",""
"Think healthy, not 'diet'","think-healthy-not-diet-680","Wellness tips from Mayo Clinic, featuring simple strategies for a healthy lifestyle","FXMed Team","Nutrition & Healthy Eating","5 min read","draft","","",""
"Try, try again","try-try-again-681","Wellness tips from Mayo Clinic, featuring simple strategies for a healthy lifestyle","FXMed Team","Healthy Habits","5 min read","draft","","",""
"Weighing in? Keep this in mind","weighing-in-keep-this-in-mind-682","Wellness tips from Mayo Clinic, featuring simple strategies for a healthy lifestyle","FXMed Team","Healthy Habits","5 min read","draft","","",""
"Acknowledge your accomplishments","acknowledge-your-accomplishments-683","Wellness tips from Mayo Clinic, featuring simple strategies for a healthy lifestyle","FXMed Team","Healthy Habits","5 min read","draft","","",""
"Stay motivated for weight loss","stay-motivated-for-weight-loss-684","Wellness tips from Mayo Clinic, featuring simple strategies for a healthy lifestyle","FXMed Team","Weight Management","5 min read","draft","","",""
"Walk on","walk-on-685","Wellness tips from Mayo Clinic, featuring simple strategies for a healthy lifestyle","FXMed Team","Healthy Habits","5 min read","draft","","",""
"Change for the better","change-for-the-better-686","Wellness tips from Mayo Clinic, featuring simple strategies for a healthy lifestyle","FXMed Team","Healthy Habits","5 min read","draft","","",""
"Believe in yourself","believe-in-yourself-687","Wellness tips from Mayo Clinic, featuring simple strategies for a healthy lifestyle","FXMed Team","Healthy Habits","5 min read","draft","","",""
"Trying Positive problem-solving","trying-positive-problem-solving-688","Wellness tips from Mayo Clinic, featuring simple strategies for a healthy lifestyle","FXMed Team","Healthy Habits","5 min read","draft","","",""
"One day at a time","one-day-at-a-time-689","Wellness tips from Mayo Clinic, featuring simple strategies for a healthy lifestyle","FXMed Team","Healthy Habits","5 min read","draft","","",""
"Ultimate goal: Better health","ultimate-goal-better-health-690","Wellness tips from Mayo Clinic, featuring simple strategies for a healthy lifestyle","FXMed Team","Healthy Habits","5 min read","draft","","",""
"What motivates you?","what-motivates-you-691","Wellness tips from Mayo Clinic, featuring simple strategies for a healthy lifestyle","FXMed Team","Healthy Habits","5 min read","draft","","",""
"One step at a time","one-step-at-a-time-692","Wellness tips from Mayo Clinic, featuring simple strategies for a healthy lifestyle","FXMed Team","Healthy Habits","5 min read","draft","","",""
"Keep workouts fun","keep-workouts-fun-693","Wellness tips from Mayo Clinic, featuring simple strategies for a healthy lifestyle","FXMed Team","Exercise & Fitness","5 min read","draft","","",""
"Note this for weight loss","note-this-for-weight-loss-694","Wellness tips from Mayo Clinic, featuring simple strategies for a healthy lifestyle","FXMed Team","Weight Management","5 min read","draft","","",""
"Ban all-or-nothing thinking","ban-all-or-nothing-thinking-695","Wellness tips from Mayo Clinic, featuring simple strategies for a healthy lifestyle","FXMed Team","Healthy Habits","5 min read","draft","","",""
"Why Do you work out?","why-do-you-work-out-696","Wellness tips from Mayo Clinic, featuring simple strategies for a healthy lifestyle","FXMed Team","Healthy Habits","5 min read","draft","","",""
"Just do your best","just-do-your-best-697","Wellness tips from Mayo Clinic, featuring simple strategies for a healthy lifestyle","FXMed Team","Healthy Habits","5 min read","draft","","",""
"Lapses happen","lapses-happen-698","Wellness tips from Mayo Clinic, featuring simple strategies for a healthy lifestyle","FXMed Team","Healthy Habits","5 min read","draft","","",""
"Getting Active, feel better","getting-active-feel-better-699","Wellness tips from Mayo Clinic, featuring simple strategies for a healthy lifestyle","FXMed Team","Healthy Habits","5 min read","draft","","",""
"Buddy up for fitness","buddy-up-for-fitness-700","Wellness tips from Mayo Clinic, featuring simple strategies for a healthy lifestyle","FXMed Team","Exercise & Fitness","5 min read","draft","","",""
"Motivate to lose weight","motivate-to-lose-weight-701","Wellness tips from Mayo Clinic, featuring simple strategies for a healthy lifestyle","FXMed Team","Healthy Habits","5 min read","draft","","",""
"Can-do attitude","can-do-attitude-702","Wellness tips from Mayo Clinic, featuring simple strategies for a healthy lifestyle","FXMed Team","Healthy Habits","5 min read","draft","","",""
"Reset your motivation","reset-your-motivation-703","Wellness tips from Mayo Clinic, featuring simple strategies for a healthy lifestyle","FXMed Team","Healthy Habits","5 min read","draft","","",""
"Making A mistake? move on","making-a-mistake-move-on-704","Wellness tips from Mayo Clinic, featuring simple strategies for a healthy lifestyle","FXMed Team","Healthy Habits","5 min read","draft","","",""
"Changes with benefits","changes-with-benefits-705","Wellness tips from Mayo Clinic, featuring simple strategies for a healthy lifestyle","FXMed Team","Healthy Habits","5 min read","draft","","",""
"Appreciate your progress","appreciate-your-progress-706","Wellness tips from Mayo Clinic, featuring simple strategies for a healthy lifestyle","FXMed Team","Healthy Habits","5 min read","draft","","",""
"Keep weight-loss goals realistic","keep-weight-loss-goals-realistic-707","Wellness tips from Mayo Clinic, featuring simple strategies for a healthy lifestyle","FXMed Team","Healthy Habits","5 min read","draft","","",""
"You own your happiness","you-own-your-happiness-708","Wellness tips from Mayo Clinic, featuring simple strategies for a healthy lifestyle","FXMed Team","Healthy Habits","5 min read","draft","","",""
"Pick a weight-loss partner","pick-a-weight-loss-partner-709","Wellness tips from Mayo Clinic, featuring simple strategies for a healthy lifestyle","FXMed Team","Healthy Habits","5 min read","draft","","",""
"Picture this …","picture-this-710","Wellness tips from Mayo Clinic, featuring simple strategies for a healthy lifestyle","FXMed Team","Healthy Habits","5 min read","draft","","",""
"Mistakes don't define you","mistakes-dont-define-you-711","Wellness tips from Mayo Clinic, featuring simple strategies for a healthy lifestyle","FXMed Team","Healthy Habits","5 min read","draft","","",""
"What went well today?","what-went-well-today-712","Wellness tips from Mayo Clinic, featuring simple strategies for a healthy lifestyle","FXMed Team","Healthy Habits","5 min read","draft","","",""
"Leave setbacks behind","leave-setbacks-behind-713","Wellness tips from Mayo Clinic, featuring simple strategies for a healthy lifestyle","FXMed Team","Healthy Habits","5 min read","draft","","",""
"Starting Small, dream big","starting-small-dream-big-714","Wellness tips from Mayo Clinic, featuring simple strategies for a healthy lifestyle","FXMed Team","Healthy Habits","5 min read","draft","","",""
"Think yourself thinner","think-yourself-thinner-715","Wellness tips from Mayo Clinic, featuring simple strategies for a healthy lifestyle","FXMed Team","Healthy Habits","5 min read","draft","","",""
"Post your motivators","post-your-motivators-716","Wellness tips from Mayo Clinic, featuring simple strategies for a healthy lifestyle","FXMed Team","Healthy Habits","5 min read","draft","","",""
"Making Your commitment","making-your-commitment-717","Wellness tips from Mayo Clinic, featuring simple strategies for a healthy lifestyle","FXMed Team","Healthy Habits","5 min read","draft","","",""
"Just 10 minutes","just-10-minutes-718","Wellness tips from Mayo Clinic, featuring simple strategies for a healthy lifestyle","FXMed Team","Healthy Habits","5 min read","draft","","",""
"Don't wait on weight loss","dont-wait-on-weight-loss-719","Wellness tips from Mayo Clinic, featuring simple strategies for a healthy lifestyle","FXMed Team","Weight Management","5 min read","draft","","",""
"Tally up your successes","tally-up-your-successes-720","Wellness tips from Mayo Clinic, featuring simple strategies for a healthy lifestyle","FXMed Team","Healthy Habits","5 min read","draft","","",""
"Focus on today","focus-on-today-721","Wellness tips from Mayo Clinic, featuring simple strategies for a healthy lifestyle","FXMed Team","Healthy Habits","5 min read","draft","","",""
"Way to go!","way-to-go-722","Wellness tips from Mayo Clinic, featuring simple strategies for a healthy lifestyle","FXMed Team","Healthy Habits","5 min read","draft","","",""
"Why I want to lose weight","why-i-want-to-lose-weight-723","Wellness tips from Mayo Clinic, featuring simple strategies for a healthy lifestyle","FXMed Team","Healthy Habits","5 min read","draft","","",""
"Getting Creative","getting-creative-724","Wellness tips from Mayo Clinic, featuring simple strategies for a healthy lifestyle","FXMed Team","Healthy Habits","5 min read","draft","","",""
"One goal at a time","one-goal-at-a-time-725","Wellness tips from Mayo Clinic, featuring simple strategies for a healthy lifestyle","FXMed Team","Healthy Habits","5 min read","draft","","",""
"Keep trying","keep-trying-726","Wellness tips from Mayo Clinic, featuring simple strategies for a healthy lifestyle","FXMed Team","Healthy Habits","5 min read","draft","","",""
"Good decisions add up","good-decisions-add-up-727","Wellness tips from Mayo Clinic, featuring simple strategies for a healthy lifestyle","FXMed Team","Healthy Habits","5 min read","draft","","",""
"You can cope","you-can-cope-728","Wellness tips from Mayo Clinic, featuring simple strategies for a healthy lifestyle","FXMed Team","Healthy Habits","5 min read","draft","","",""
"Give yourself credit","give-yourself-credit-729","Wellness tips from Mayo Clinic, featuring simple strategies for a healthy lifestyle","FXMed Team","Healthy Habits","5 min read","draft","","",""
"Setback? Leave it behind","setback-leave-it-behind-730","Wellness tips from Mayo Clinic, featuring simple strategies for a healthy lifestyle","FXMed Team","Healthy Habits","5 min read","draft","","",""
"You know what to do","you-know-what-to-do-731","Wellness tips from Mayo Clinic, featuring simple strategies for a healthy lifestyle","FXMed Team","Healthy Habits","5 min read","draft","","",""
"You are worthy","you-are-worthy-732","Wellness tips from Mayo Clinic, featuring simple strategies for a healthy lifestyle","FXMed Team","Healthy Habits","5 min read","draft","","",""
"Workout wisdom","workout-wisdom-733","Wellness tips from Mayo Clinic, featuring simple strategies for a healthy lifestyle","FXMed Team","Exercise & Fitness","5 min read","draft","","",""
"Don't stop thinking about tomorrow","dont-stop-thinking-about-tomorrow-734","Wellness tips from Mayo Clinic, featuring simple strategies for a healthy lifestyle","FXMed Team","Healthy Habits","5 min read","draft","","",""
"You're doing OK","youre-doing-ok-735","Wellness tips from Mayo Clinic, featuring simple strategies for a healthy lifestyle","FXMed Team","Healthy Habits","5 min read","draft","","",""
"Renew your efforts","renew-your-efforts-736","Wellness tips from Mayo Clinic, featuring simple strategies for a healthy lifestyle","FXMed Team","Healthy Habits","5 min read","draft","","",""
"Focus on results","focus-on-results-737","Wellness tips from Mayo Clinic, featuring simple strategies for a healthy lifestyle","FXMed Team","Healthy Habits","5 min read","draft","","",""
"Small successes can bring big changes","small-successes-can-bring-big-changes-738","Wellness tips from Mayo Clinic, featuring simple strategies for a healthy lifestyle","FXMed Team","Healthy Habits","5 min read","draft","","",""
"Post your goals","post-your-goals-739","Wellness tips from Mayo Clinic, featuring simple strategies for a healthy lifestyle","FXMed Team","Healthy Habits","5 min read","draft","","",""
"Write it down","write-it-down-740","Wellness tips from Mayo Clinic, featuring simple strategies for a healthy lifestyle","FXMed Team","Healthy Habits","5 min read","draft","","",""
"Getting Specific with goals","getting-specific-with-goals-741","Wellness tips from Mayo Clinic, featuring simple strategies for a healthy lifestyle","FXMed Team","Healthy Habits","5 min read","draft","","",""
"Find your inner muse","find-your-inner-muse-742","Wellness tips from Mayo Clinic, featuring simple strategies for a healthy lifestyle","FXMed Team","Healthy Habits","5 min read","draft","","",""
"Goal setting? Start simple","goal-setting-start-simple-743","Wellness tips from Mayo Clinic, featuring simple strategies for a healthy lifestyle","FXMed Team","Healthy Habits","5 min read","draft","","",""
"Experiment with goal-setting","experiment-with-goal-setting-744","Wellness tips from Mayo Clinic, featuring simple strategies for a healthy lifestyle","FXMed Team","Healthy Habits","5 min read","draft","","",""
"Learn from mistakes","learn-from-mistakes-745","Wellness tips from Mayo Clinic, featuring simple strategies for a healthy lifestyle","FXMed Team","Healthy Habits","5 min read","draft","","",""
"Play to your strengths","play-to-your-strengths-746","Wellness tips from Mayo Clinic, featuring simple strategies for a healthy lifestyle","FXMed Team","Healthy Habits","5 min read","draft","","",""
"Getting Real with goal-setting","getting-real-with-goal-setting-747","Wellness tips from Mayo Clinic, featuring simple strategies for a healthy lifestyle","FXMed Team","Healthy Habits","5 min read","draft","","",""
"Personalize your goals","personalize-your-goals-748","Wellness tips from Mayo Clinic, featuring simple strategies for a healthy lifestyle","FXMed Team","Healthy Habits","5 min read","draft","","",""
"Getting Going with goal-setting","getting-going-with-goal-setting-749","Wellness tips from Mayo Clinic, featuring simple strategies for a healthy lifestyle","FXMed Team","Healthy Habits","5 min read","draft","","",""
"Keep a record","keep-a-record-750","Wellness tips from Mayo Clinic, featuring simple strategies for a healthy lifestyle","FXMed Team","Healthy Habits","5 min read","draft","","",""
"Value yourself first","value-yourself-first-751","Wellness tips from Mayo Clinic, featuring simple strategies for a healthy lifestyle","FXMed Team","Healthy Habits","5 min read","draft","","",""
"Making Change your new habit","making-change-your-new-habit-752","Wellness tips from Mayo Clinic, featuring simple strategies for a healthy lifestyle","FXMed Team","Healthy Habits","5 min read","draft","","",""
"Seeing is believing","seeing-is-believing-753","Wellness tips from Mayo Clinic, featuring simple strategies for a healthy lifestyle","FXMed Team","Healthy Habits","5 min read","draft","","",""
"Move more to meet your goals","move-more-to-meet-your-goals-754","Wellness tips from Mayo Clinic, featuring simple strategies for a healthy lifestyle","FXMed Team","Healthy Habits","5 min read","draft","","",""
"Find your motivation","find-your-motivation-755","Wellness tips from Mayo Clinic, featuring simple strategies for a healthy lifestyle","FXMed Team","Healthy Habits","5 min read","draft","","",""
"Own your weight-loss goals","own-your-weight-loss-goals-756","Wellness tips from Mayo Clinic, featuring simple strategies for a healthy lifestyle","FXMed Team","Healthy Habits","5 min read","draft","","",""
"Think actions, not outcomes","think-actions-not-outcomes-757","Wellness tips from Mayo Clinic, featuring simple strategies for a healthy lifestyle","FXMed Team","Healthy Habits","5 min read","draft","","",""
"Rx to quit smoking","rx-to-quit-smoking-758","Wellness tips from Mayo Clinic, featuring simple strategies for a healthy lifestyle","FXMed Team","Healthy Habits","5 min read","draft","","",""
"Fight a craving","fight-a-craving-759","Wellness tips from Mayo Clinic, featuring simple strategies for a healthy lifestyle","FXMed Team","Healthy Habits","5 min read","draft","","",""
"Tobacco-free breaks","tobacco-free-breaks-760","Wellness tips from Mayo Clinic, featuring simple strategies for a healthy lifestyle","FXMed Team","Healthy Habits","5 min read","draft","","",""
"Crunch your cravings","crunch-your-cravings-761","Wellness tips from Mayo Clinic, featuring simple strategies for a healthy lifestyle","FXMed Team","Healthy Habits","5 min read","draft","","",""
"Friendly advice","friendly-advice-762","Wellness tips from Mayo Clinic, featuring simple strategies for a healthy lifestyle","FXMed Team","Healthy Habits","5 min read","draft","","",""
"Break your routine","break-your-routine-763","Wellness tips from Mayo Clinic, featuring simple strategies for a healthy lifestyle","FXMed Team","Healthy Habits","5 min read","draft","","",""
"Run away from stress","run-away-from-stress-764","Wellness tips from Mayo Clinic, featuring simple strategies for a healthy lifestyle","FXMed Team","Mental Health & Stress","5 min read","draft","","",""
"Just breathe","just-breathe-765","Wellness tips from Mayo Clinic, featuring simple strategies for a healthy lifestyle","FXMed Team","Healthy Habits","5 min read","draft","","",""
"Feeling stressed?","feeling-stressed-766","Wellness tips from Mayo Clinic, featuring simple strategies for a healthy lifestyle","FXMed Team","Mental Health & Stress","5 min read","draft","","",""
"Tai chi [Video Guide]","tai-chi-video-guide-767","See why tai chi is often described as meditation in motion and why it's used for stress relief.","FXMed Team","Mental Health & Stress","5 min read","draft","","",""
"Smoking -; anatomy of nicotine addiction [Video Guide]","smoking-anatomy-of-nicotine-addiction-video-guide-768","This animation illustrates how smoking changes your brain, causing nicotine addiction.","FXMed Team","Smoking Cessation","5 min read","draft","","",""
"Need to relax? take a break for meditation [Video Guide]","need-to-relax-take-a-break-for-meditation-video-guide-769","Meditation -; Spend a few minutes on stress reduction with this guided meditation video.","FXMed Team","Mental Health & Stress","5 min read","draft","","",""
"Alfredo sauce [Video Guide]","alfredo-sauce-video-guide-770","See how you can make creamy Alfredo sauce that's low in fat, thanks to skim milk and low-fat cream cheese.","FXMed Team","General Wellness","5 min read","draft","","",""
"Apple cinnamon muffins [Video Guide]","apple-cinnamon-muffins-video-guide-771","These hearty apple cinnamon muffins are made with milled oats, Greek yogurt and flaxseed. They're the perfect make-ahead breakfast.","FXMed Team","Heart Health","5 min read","draft","","",""
"Avocado aioli [Video Guide]","avocado-aioli-video-guide-772","This healthy homemade avocado aioli can be ready in less than 15 minutes.","FXMed Team","General Wellness","5 min read","draft","","",""
"Avocado salsa [Video Guide]","avocado-salsa-video-guide-773","Homemade avocado salsa is delicious with tortilla chips or tacos.","FXMed Team","General Wellness","5 min read","draft","","",""
"Baked hush puppies [Video Guide]","baked-hush-puppies-video-guide-774","These healthy hush puppies bake in muffin tins.","FXMed Team","General Wellness","5 min read","draft","","",""
"Baked brie envelopes [Video Guide]","baked-brie-envelopes-video-guide-775","See how to fold brie cheese and cranberries into squares of puff pastry for this baked appetizer.","FXMed Team","General Wellness","5 min read","draft","","",""
"Balsamic feta chicken [Video Guide]","balsamic-feta-chicken-video-guide-776","Add big flavor to baked chicken with a balsamic vinegar marinade and a sprinkle of feta cheese.","FXMed Team","General Wellness","5 min read","draft","","",""
"Banana oatmeal pancakes [Video Guide]","banana-oatmeal-pancakes-video-guide-777","These banana pancakes are hearty, thanks to a batter made with rolled oats, whole-wheat flour and plain yogurt.","FXMed Team","Nutrition & Healthy Eating","5 min read","draft","","",""
"Banana pecan compote [Video Guide]","banana-pecan-compote-video-guide-778","This sauce is a delicious combination of bananas, orange juice, vanilla, cinnamon and chopped pecans.","FXMed Team","General Wellness","5 min read","draft","","",""
"Barley risotto with asparagus [Video Guide]","barley-risotto-with-asparagus-video-guide-779","Discover how to make risotto with barley instead of the traditional white rice.","FXMed Team","General Wellness","5 min read","draft","","",""
"Basil pesto stuffed mushrooms [Video Guide]","basil-pesto-stuffed-mushrooms-video-guide-780","See how you can stuff mushroom caps with basil pesto and breadcrumbs for an easy, meatless appetizer.","FXMed Team","General Wellness","5 min read","draft","","",""
"Barbecue turkey burger [Video Guide]","barbecue-turkey-burger-video-guide-781","Watch out for the hidden ingredient in this tangy barbecue turkey burger.","FXMed Team","General Wellness","5 min read","draft","","",""
"Black bean quesadillas [Video Guide]","black-bean-quesadillas-video-guide-782","Baked black bean quesadillas can be made in less than 30 minutes.","FXMed Team","General Wellness","5 min read","draft","","",""
"Blackened sole [Video Guide]","blackened-sole-video-guide-783","Homemade blackening seasoning gives fresh sole a spicy kick.","FXMed Team","General Wellness","5 min read","draft","","",""
"Blueberry lavender lemonade [Video Guide]","blueberry-lavender-lemonade-video-guide-784","See how you can upgrade traditional homemade lemonade with fresh blueberries and dried lavender.","FXMed Team","General Wellness","5 min read","draft","","",""
"Broccoli with garlic and lemon [Video Guide]","broccoli-with-garlic-and-lemon-video-guide-785","Dress up weeknight broccoli with fresh garlic and lemon zest.","FXMed Team","General Wellness","5 min read","draft","","",""
"Brown-sugared pork tenderloin stir-fry [Video Guide]","brown-sugared-pork-tenderloin-stir-fry-video-guide-786","This stir-fry of pork tenderloin, green onions, bok choy and carrots is tasty and colorful.","FXMed Team","General Wellness","5 min read","draft","","",""
"Butternut squash ravioli [Video Guide]","butternut-squash-ravioli-video-guide-787","See how to make butternut squash ravioli from scratch -; it's easier than you might think!","FXMed Team","General Wellness","5 min read","draft","","",""
"Butternut squash risotto [Video Guide]","butternut-squash-risotto-video-guide-788","See how you can make risotto with brown rice and butternut squash.","FXMed Team","General Wellness","5 min read","draft","","",""
"Comforting Video: creamy butternut squash Soup","comforting-video-creamy-butternut-squash-soup-789","This butternut squash soup gets its creamy consistency by blending small amounts of soup and adding a cornstarch slurry.","FXMed Team","General Wellness","5 min read","draft","","",""
"Caramelized balsamic vinaigrette [Video Guide]","caramelized-balsamic-vinaigrette-video-guide-790","This cooked balsamic vinaigrette is thick and sweet, so a little goes a long way!","FXMed Team","General Wellness","5 min read","draft","","",""
"Caramelized onion chicken pizza [Video Guide]","caramelized-onion-chicken-pizza-video-guide-791","Discover how to make homemade chicken pizza with caramelized onions and barbecue sauce from scratch.","FXMed Team","General Wellness","5 min read","draft","","",""
"Carne asada [Video Guide]","carne-asada-video-guide-792","Carne asada is an inexpensive, delicious Latin American steak dish, featuring marinated, grilled skirt steak that is served in thin slices.","FXMed Team","General Wellness","5 min read","draft","","",""
"Chicken and zucchini quesadilla [Video Guide]","chicken-and-zucchini-quesadilla-video-guide-793","These baked chicken quesadillas are packed with zucchini, bell peppers, tomatoes, diced jalapeno peppers and fresh lime juice.","FXMed Team","General Wellness","5 min read","draft","","",""
"Chicken cordon bleu [Video Guide]","chicken-cordon-bleu-video-guide-794","See how you can add spinach to the classic stuffing for chicken cordon bleu.","FXMed Team","General Wellness","5 min read","draft","","",""
"Chicken parmesan [Video Guide]","chicken-parmesan-video-guide-795","This recipe lightens up classic chicken Parmesan by baking chicken breasts with a sprinkle of cheese.","FXMed Team","Nutrition & Healthy Eating","5 min read","draft","","",""
"Chicken sausage meatballs [Video Guide]","chicken-sausage-meatballs-video-guide-796","Discover how to roll meatballs with ground chicken breast, Parmesan cheese and Italian seasonings.","FXMed Team","General Wellness","5 min read","draft","","",""
"Citrus remoulade [Video Guide]","citrus-remoulade-video-guide-797","This quick citrus remoulade is made with three ingredients -; light mayonnaise, an orange and a pinch of salt.","FXMed Team","General Wellness","5 min read","draft","","",""
"Citrus seared salmon [Video Guide]","citrus-seared-salmon-video-guide-798","This seared salmon is topped with a tangy sauce of orange juice, Dijon mustard and honey.","FXMed Team","General Wellness","5 min read","draft","","",""
"Citrus vinaigrette [Video Guide]","citrus-vinaigrette-video-guide-799","See how a blender can turn orange juice concentrate, rice wine vinegar, honey, oil and fresh thyme into a bright citrus vinaigrette.","FXMed Team","General Wellness","5 min read","draft","","",""
"Coconut shrimp [Video Guide]","coconut-shrimp-video-guide-800","These crunchy, oven-baked coconut shrimp are packed with flavor, thanks to coconut milk and coconut flakes.","FXMed Team","General Wellness","5 min read","draft","","",""
"Crab cakes [Video Guide]","crab-cakes-video-guide-801","These crab cakes are mixed with a light filling of egg whites, lemon juice, fresh dill and Old Bay seasoning. Then, they're baked instead of fried. ","FXMed Team","General Wellness","5 min read","draft","","",""
"Cracked wheat chili [Video Guide]","cracked-wheat-chili-video-guide-802","This quick, zesty vegetarian chili is packed with bell peppers, bulgur wheat, beans, tomatoes and spices.","FXMed Team","General Wellness","5 min read","draft","","",""
"Cranberry orange muffins [Video Guide]","cranberry-orange-muffins-video-guide-803","What's for breakfast? Make-ahead muffins packed with cranberries, orange zest, Greek yogurt and flaxseed meal.","FXMed Team","Nutrition & Healthy Eating","5 min read","draft","","",""
"Cranberry pecan rice pilaf [Video Guide]","cranberry-pecan-rice-pilaf-video-guide-804","Reinvent brown rice with the simple addition of cranberries, pecans, fresh thyme and sauteed celery.","FXMed Team","General Wellness","5 min read","draft","","",""
"Cream of chicken and wild rice chowder [Video Guide]","cream-of-chicken-and-wild-rice-chowder-video-guide-805","See how a cornstarch slurry thickens this chicken and wild rice chowder without loads of cream.","FXMed Team","General Wellness","5 min read","draft","","",""
"Creole shrimp [Video Guide]","creole-shrimp-video-guide-806","Creole shrimp are simmered in a spicy, tomato-based sauce with homemade Creole seasoning.","FXMed Team","General Wellness","5 min read","draft","","",""
"Dijon parmesan crusted salmon [Video Guide]","dijon-parmesan-crusted-salmon-video-guide-807","See how to make a breadcrumb crust for baked salmon.","FXMed Team","General Wellness","5 min read","draft","","",""
"Comforting Video: fire roasted corn Soup","comforting-video-fire-roasted-corn-soup-808","You can make scrumptious corn soup all year long when you start by roasting corn kernels.","FXMed Team","General Wellness","5 min read","draft","","",""
"Comforting Video: french onion Soup","comforting-video-french-onion-soup-809","This classic French onion soup is easy to prepare in your own kitchen.","FXMed Team","General Wellness","5 min read","draft","","",""
"Fried rice with mushrooms [Video Guide]","fried-rice-with-mushrooms-video-guide-810","This tasty fried rice recipe combines cooked brown rice, mushrooms, peas and ginger.","FXMed Team","Nutrition & Healthy Eating","5 min read","draft","","",""
"Garlic cauliflower potato mash [Video Guide]","garlic-cauliflower-potato-mash-video-guide-811","See how you can mash together russet potatoes, cauliflower, Greek yogurt and fresh thyme for a tasty side dish.","FXMed Team","General Wellness","5 min read","draft","","",""
"Grilled salmon [Video Guide]","grilled-salmon-video-guide-812","Worried about overcooking fish? This video shows a simple technique for perfectly grilled salmon.","FXMed Team","General Wellness","5 min read","draft","","",""
"Herbed asiago polenta [Video Guide]","herbed-asiago-polenta-video-guide-813","See how you can bake polenta squares flavored with Asiago cheese and fresh herbs.","FXMed Team","General Wellness","5 min read","draft","","",""
"Honey sage carrots [Video Guide]","honey-sage-carrots-video-guide-814","Watch how you can quickly embellish boiled carrots with fresh sage and honey.","FXMed Team","General Wellness","5 min read","draft","","",""
"House ranch dressing [Video Guide]","house-ranch-dressing-video-guide-815","See how the house ranch dressing at the Mayo Clinic Healthy Living Program is made. It's a perennial favorite among guests.","FXMed Team","General Wellness","5 min read","draft","","",""
"Italian meatballs [Video Guide]","italian-meatballs-video-guide-816","These Italian meatballs are the perfect make-ahead meal. You can freeze uncooked meatballs in an airtight container for up to 3 months.","FXMed Team","Nutrition & Healthy Eating","5 min read","draft","","",""
"Lemon pudding cakes [Video Guide]","lemon-pudding-cakes-video-guide-817","This recipe makes six individual lemon pudding cakes -; the perfect ending to your next dinner party.","FXMed Team","Nutrition & Healthy Eating","5 min read","draft","","",""
"Lentil ragout [Video Guide]","lentil-ragout-video-guide-818","Looking for a hearty vegetarian stew? Simmer up a pot of this red lentil ragout.","FXMed Team","Heart Health","5 min read","draft","","",""
"Marinara sauce [Video Guide]","marinara-sauce-video-guide-819","This easy homemade marinara sauce has more flavor and less salt than the jars you'll find at the grocery store.","FXMed Team","General Wellness","5 min read","draft","","",""
"Comforting Video: mushroom barley Soup","comforting-video-mushroom-barley-soup-820","This filling mushroom barley soup also includes carrots, potatoes and fresh thyme.","FXMed Team","General Wellness","5 min read","draft","","",""
"Overnight orange cinnamon baked french toast [Video Guide]","overnight-orange-cinnamon-baked-french-toast-video-guide-821","This comforting make-ahead French toast can be prepared in just 10 minutes. Refrigerate it overnight and pop it in the oven right before serving.","FXMed Team","General Wellness","5 min read","draft","","",""
"Overnight refrigerator oatmeal [Video Guide]","overnight-refrigerator-oatmeal-video-guide-822","Too busy for breakfast? Place ingredients for overnight refrigerator oatmeal in a mason jar tonight, and you'll have breakfast ready in the morning.","FXMed Team","Nutrition & Healthy Eating","5 min read","draft","","",""
"Parmesan roasted cauliflower [Video Guide]","parmesan-roasted-cauliflower-video-guide-823","Roasting cauliflower brings out its natural sweetness. A breadcrumb topping of Parmesan, lemon zest and fresh basil makes it even better.","FXMed Team","General Wellness","5 min read","draft","","",""
"Peanut butter hummus [Video Guide]","peanut-butter-hummus-video-guide-824","Peanut butter hummus takes just 6 ingredients and a few minutes in the food processor. This twist on traditional hummus might be your new favorite snack!","FXMed Team","Nutrition & Healthy Eating","5 min read","draft","","",""
"Pecan-crusted tofu [Video Guide]","pecan-crusted-tofu-video-guide-825","New to tofu? Watch how to make this pecan-crusted version.","FXMed Team","General Wellness","5 min read","draft","","",""
"Pico de gallo [Video Guide]","pico-de-gallo-video-guide-826","Discover how to make fresh pico de gallo with just a few minutes of chopping and a quick stir.","FXMed Team","General Wellness","5 min read","draft","","",""
"Pita pizza [Video Guide]","pita-pizza-video-guide-827","It only takes 30 minutes to make this whole-wheat pita pizza, topped with mushrooms, pineapple, bell peppers, feta cheese and bacon bits.","FXMed Team","General Wellness","5 min read","draft","","",""
"Potato cauliflower au gratin [Video Guide]","potato-cauliflower-au-gratin-video-guide-828","See how to parboil vegetables so this potato cauliflower au gratin bakes in just 25 minutes.","FXMed Team","General Wellness","5 min read","draft","","",""
"Pumpkin spice muffins [Video Guide]","pumpkin-spice-muffins-video-guide-829","Greek yogurt is the secret to these healthy, tender pumpkin spice muffins.","FXMed Team","General Wellness","5 min read","draft","","",""
"Comforting Video: quibebe Soup","comforting-video-quibebe-soup-830","When it's cold outside, warm up with Quibebe -; a thick South American squash stew with a spicy kick.","FXMed Team","General Wellness","5 min read","draft","","",""
"Quinoa cakes [Video Guide]","quinoa-cakes-video-guide-831","Discover how to turn sweet potatoes, quinoa and Gruyere cheese into golden-brown, protein-packed cakes.","FXMed Team","General Wellness","5 min read","draft","","",""
"Roasted butternut squash fries [Video Guide]","roasted-butternut-squash-fries-video-guide-832","Roasted butternut squash fries are a delicious, healthy alternative to French fries.","FXMed Team","General Wellness","5 min read","draft","","",""
"Roasted cornish hen [Video Guide]","roasted-cornish-hen-video-guide-833","See how to make roasted Cornish hen, stuffed with orange slices, garlic and fresh herbs.","FXMed Team","General Wellness","5 min read","draft","","",""
"Roasted green beans [Video Guide]","roasted-green-beans-video-guide-834","Roast green beans with tomatoes, garlic, olive oil and herbs, and you may never boil them again!","FXMed Team","General Wellness","5 min read","draft","","",""
"Roasted red pepper hummus [Video Guide]","roasted-red-pepper-hummus-video-guide-835","See how easy it is to make homemade hummus with roasted red peppers.","FXMed Team","General Wellness","5 min read","draft","","",""
"Roasted red bell pepper pineapple salsa [Video Guide]","roasted-red-bell-pepper-pineapple-salsa-video-guide-836","This colorful salsa, made with bell peppers and pineapple, is the perfect topping for tortilla chips or grilled fish.","FXMed Team","General Wellness","5 min read","draft","","",""
"Roasted red pepper pesto [Video Guide]","roasted-red-pepper-pesto-video-guide-837","This twist on traditional pesto is made with roasted red bell peppers and pumpkin seeds.","FXMed Team","General Wellness","5 min read","draft","","",""
"Seared scallops [Video Guide]","seared-scallops-video-guide-838","Perfectly cooked pan-seared scallops with olive oil and fresh herbs are ready in less than 10 minutes.","FXMed Team","General Wellness","5 min read","draft","","",""
"Sesame ginger shrimp [Video Guide]","sesame-ginger-shrimp-video-guide-839","This sizzling skillet of sesame ginger shrimp requires less than 10 minutes of hands-on time.","FXMed Team","General Wellness","5 min read","draft","","",""
"Shepherd's pie [Video Guide]","shepherds-pie-video-guide-840","See how this classic Irish meat pie is lightened up with ground turkey breast and skim milk.","FXMed Team","General Wellness","5 min read","draft","","",""
"Shrimp kebabs [Video Guide]","shrimp-kebabs-video-guide-841","These grilled shrimp kebabs are flavored with fresh lemon juice, garlic and fresh herbs.","FXMed Team","General Wellness","5 min read","draft","","",""
"6-grain hot cereal [Video Guide]","6-grain-hot-cereal-video-guide-842","This big batch of 6-grain hot cereal is ready in about an hour with almost no hands-on time.","FXMed Team","General Wellness","5 min read","draft","","",""
"Smoked gouda and vegetable poached egg sandwich [Video Guide]","smoked-gouda-and-vegetable-poached-egg-sandwich-video-guide-843","See how to assemble this scrumptious open-faced egg sandwich with smoked Gouda cheese and roasted red peppers.","FXMed Team","Pain Management","5 min read","draft","","",""
"Smoked gouda poblano turkey burger [Video Guide]","smoked-gouda-poblano-turkey-burger-video-guide-844","See how you can boost the mild flavor of turkey burgers with tasty add-ins -; in this case, smoked Gouda cheese and roasted poblano peppers.","FXMed Team","General Wellness","5 min read","draft","","",""
"Smoked gouda vegetable risotto [Video Guide]","smoked-gouda-vegetable-risotto-video-guide-845","See how you can make risotto with brown rice. This version also includes smoked Gouda, crimini mushrooms and sweet grape tomatoes.","FXMed Team","General Wellness","5 min read","draft","","",""
"Smoky frittata [Video Guide]","smoky-frittata-video-guide-846","See how to make this classic egg frittata, packed with cauliflower, chives and smoked gouda cheese.","FXMed Team","General Wellness","5 min read","draft","","",""
"Soba noodle stir-fry with coconut curry sauce [Video Guide]","soba-noodle-stir-fry-with-coconut-curry-sauce-video-guide-847","This quick stir-fry combines soba noodles, chicken breasts, broccoli florets, green curry paste and shredded coconut.","FXMed Team","General Wellness","5 min read","draft","","",""
"Soft chocolate cake [Video Guide]","soft-chocolate-cake-video-guide-848","See how fresh brewed coffee and plain yogurt are mixed into the batter for this soft chocolate cake.","FXMed Team","General Wellness","5 min read","draft","","",""
"Spinach and mushroom souffle [Video Guide]","spinach-and-mushroom-souffle-video-guide-849","Souffle has a reputation for being notoriously difficult. But this spinach and mushroom souffle is an exception.","FXMed Team","General Wellness","5 min read","draft","","",""
"Steak with chimichurri sauce [Video Guide]","steak-with-chimichurri-sauce-video-guide-850","Your family and friends will love steak with chimichurri sauce -; a tangy sauce from Argentina, made with parsley and garlic.","FXMed Team","General Wellness","5 min read","draft","","",""
"Strawberry mockarita [Video Guide]","strawberry-mockarita-video-guide-851","Watch how you can blend together a nonalcoholic strawberry mockarita in minutes.","FXMed Team","General Wellness","5 min read","draft","","",""
"Stuffed acorn squash [Video Guide]","stuffed-acorn-squash-video-guide-852","In this meatless main dish, acorn squash is stuffed with a hearty combination of apples, celery, pecans and quinoa.","FXMed Team","Heart Health","5 min read","draft","","",""
"Stuffed quinoa peppers [Video Guide]","stuffed-quinoa-peppers-video-guide-853","These meatless stuffed peppers are packed with a hearty combination of quinoa, walnuts and fresh vegetables. ","FXMed Team","Heart Health","5 min read","draft","","",""
"Sundried tomato pesto mayo [Video Guide]","sundried-tomato-pesto-mayo-video-guide-854","See how you can make sundried tomato pesto mayonnaise with just a food processor and a few spare minutes.","FXMed Team","Nutrition & Healthy Eating","5 min read","draft","","",""
"Sweet potato gnocchi [Video Guide]","sweet-potato-gnocchi-video-guide-855","Need a weekend cooking project? Watch this full-proof method for making homemade sweet potato gnocchi.","FXMed Team","General Wellness","5 min read","draft","","",""
"Sweet potato souffle [Video Guide]","sweet-potato-souffle-video-guide-856","If you think souffles are out of style, think again. This baked sweet potato side dish is an unexpected treat.","FXMed Team","General Wellness","5 min read","draft","","",""
"Thai peanut beef [Video Guide]","thai-peanut-beef-video-guide-857","Discover how you can make this popular Thai takeout dish in your own kitchen.","FXMed Team","General Wellness","5 min read","draft","","",""
"Thyme roasted beets [Video Guide]","thyme-roasted-beets-video-guide-858","Beets roasted with fresh thyme and olive oil make a sweet side dish.","FXMed Team","General Wellness","5 min read","draft","","",""
"Tomato basil pesto sauce [Video Guide]","tomato-basil-pesto-sauce-video-guide-859","See how quickly this homemade tomato sauce comes together. ","FXMed Team","General Wellness","5 min read","draft","","",""
"Turkey breast burgers for two [Video Guide]","turkey-breast-burgers-for-two-video-guide-860","Turkey breast burgers for two can be ready in less than 25 minutes.","FXMed Team","General Wellness","5 min read","draft","","",""
"Turkey pesto melt [Video Guide]","turkey-pesto-melt-video-guide-861","Take your turkey sandwich up a notch with this turkey pesto melt recipe.","FXMed Team","Nutrition & Healthy Eating","5 min read","draft","","",""
"Tzatziki sauce [Video Guide]","tzatziki-sauce-video-guide-862","See how to mix up traditional tzatziki sauce with Greek yogurt, grated cucumbers and fresh dill.","FXMed Team","General Wellness","5 min read","draft","","",""
"Vegetable lasagna roll-ups [Video Guide]","vegetable-lasagna-roll-ups-video-guide-863","In a dinner rut? Try vegetable lasagna roll-ups -; a fresh, fun twist on traditional lasagna.","FXMed Team","General Wellness","5 min read","draft","","",""
"Vegetable stir-fry [Video Guide]","vegetable-stir-fry-video-guide-864","Watch how you can make vegetable stir-fry at home more quickly than you can pick up takeout.","FXMed Team","General Wellness","5 min read","draft","","",""
"Comforting Video: white bean escarole Soup","comforting-video-white-bean-escarole-soup-865","This thick bean and escarole soup is ready in 45 minutes, but it tastes like it's been simmering all day long.","FXMed Team","General Wellness","5 min read","draft","","",""
"Whole-wheat orzo with roasted vegetables [Video Guide]","whole-wheat-orzo-with-roasted-vegetables-video-guide-866","This lemony dish combines a small amount of whole-wheat orzo with a sheet pan full of roasted zucchini, bell peppers and Portobello mushrooms.","FXMed Team","General Wellness","5 min read","draft","","",""
"Whole-wheat pumpkin pancakes [Video Guide]","whole-wheat-pumpkin-pancakes-video-guide-867","Your next brunch or sleepover party calls for healthy, hearty whole-wheat pumpkin pancakes.","FXMed Team","Mental Health & Stress","5 min read","draft","","",""
"Turkey burgers, 3 ways [Video Guide]","turkey-burgers-3-ways-video-guide-868","See three ways to make tasty turkey burgers in less than 15 minutes.","FXMed Team","General Wellness","5 min read","draft","","",""
"How to roast any vegetable [Video Guide]","how-to-roast-any-vegetable-video-guide-869","See how to roast any vegetable -; from butternut squash to beets to green beans.","FXMed Team","General Wellness","5 min read","draft","","",""
"Cook once, eat twice! [Video Guide]","cook-once-eat-twice-video-guide-870","Make a big batch of homemade marinara sauce, and use it for two 30-minute dinners this week.","FXMed Team","General Wellness","5 min read","draft","","",""
"Cook with citrus [Video Guide]","cook-with-citrus-video-guide-871","Citrus adds bright, fresh flavor to your cooking, with few calories or fat.","FXMed Team","General Wellness","5 min read","draft","","",""
"Snack smarter with homemade hummus [Video Guide]","snack-smarter-with-homemade-hummus-video-guide-872","See how to whiz together two quick homemade hummus recipes.","FXMed Team","Nutrition & Healthy Eating","5 min read","draft","","",""
"Craving fried food? bake instead! [Video Guide]","craving-fried-food-bake-instead-video-guide-873","Lighten up your favorite fried foods by using your oven instead of your frying pan.","FXMed Team","Nutrition & Healthy Eating","5 min read","draft","","",""
"Quick quesadillas: an easy dinner solution [Video Guide]","quick-quesadillas-an-easy-dinner-solution-video-guide-874","See how to make quick quesadillas with items you already have in your fridge and pantry.","FXMed Team","General Wellness","5 min read","draft","","",""
"2 homemade salad dressings to know by heart [Video Guide]","2-homemade-salad-dressings-to-know-by-heart-video-guide-875","Memorize this easy homemade citrus vinaigrette and creamy ranch dressing.","FXMed Team","Heart Health","5 min read","draft","","",""
"6 ways to cook with fresh herbs [Video Guide]","6-ways-to-cook-with-fresh-herbs-video-guide-876","From thyme to basil, see how to cook with six common fresh herbs.","FXMed Team","General Wellness","5 min read","draft","","",""
"This week's menu: 2 dinners with roasted peppers [Video Guide]","this-weeks-menu-2-dinners-with-roasted-peppers-video-guide-877","Roast red bell peppers, and turn them into two quick weeknight meals.","FXMed Team","Nutrition & Healthy Eating","5 min read","draft","","",""
"How to cook fresh vegetables your family will fight over [Video Guide]","how-to-cook-fresh-vegetables-your-family-will-fight-over-video-guide-878","It only takes a few extra minutes to perk up plain veggies.","FXMed Team","General Wellness","5 min read","draft","","",""
"Video: how to make soup without a: A Healthy Recipe","video-how-to-make-soup-without-a-a-healthy-recipe-879","It's easy to improvise a soup supper, with ingredients that you have on hand.","FXMed Team","Nutrition & Healthy Eating","5 min read","draft","","",""
"How to eat quinoa for breakfast, lunch and dinner [Video Guide]","how-to-eat-quinoa-for-breakfast-lunch-and-dinner-video-guide-880","How can you use up that bag of quinoa in your cupboard? Try 6-grain hot cereal, quinoa cakes or stuffed acorn squash.","FXMed Team","General Wellness","5 min read","draft","","",""
"Shrimp can save your weeknight dinners [Video Guide]","shrimp-can-save-your-weeknight-dinners-video-guide-881","Try two tasty ways to prepare shrimp in less than 40 minutes.","FXMed Team","General Wellness","5 min read","draft","","",""
"5 reasons to plan for leftover chicken [Video Guide]","5-reasons-to-plan-for-leftover-chicken-video-guide-882","Turn leftover cooked chicken into quick weeknight meals -; including quesadillas and barbecue chicken pizza.","FXMed Team","Nutrition & Healthy Eating","5 min read","draft","","",""
"5 weekend tasks for healthy eating all week [Video Guide]","5-weekend-tasks-for-healthy-eating-all-week-video-guide-883","Get a jumpstart on healthy weekday meals with five easy weekend prep tasks.","FXMed Team","Nutrition & Healthy Eating","5 min read","draft","","",""
"Cakes for dinner [Video Guide]","cakes-for-dinner-video-guide-884","Savory cakes are a delicious dinner option. Make them healthy by baking.","FXMed Team","General Wellness","5 min read","draft","","",""
"Make-ahead pancakes for busy school mornings [Video Guide]","make-ahead-pancakes-for-busy-school-mornings-video-guide-885","Need a quick breakfast for school mornings? Hearty, make-ahead pancakes are the solution.","FXMed Team","Heart Health","5 min read","draft","","",""
"Upgrade classic potato dishes with cauliflower [Video Guide]","upgrade-classic-potato-dishes-with-cauliflower-video-guide-886","Slip cauliflower into classic potato dishes to boost nutrients, while lowering calories and carbs.","FXMed Team","General Wellness","5 min read","draft","","",""
"Stock your freezer with homemade meatballs [Video Guide]","stock-your-freezer-with-homemade-meatballs-video-guide-887","Meatballs are a quick, make-ahead option for turning ground chicken or lean beef into dinner.","FXMed Team","General Wellness","5 min read","draft","","",""
"5 easy make-ahead breakfasts for weekday mornings [Video Guide]","5-easy-make-ahead-breakfasts-for-weekday-mornings-video-guide-888","Plan ahead, so you can wake up to a tasty, ready-made breakfast.","FXMed Team","General Wellness","5 min read","draft","","",""
"5 meals you can freeze [Video Guide]","5-meals-you-can-freeze-video-guide-889","Double these recipes, so you can eat half now and freeze half for later.","FXMed Team","Nutrition & Healthy Eating","5 min read","draft","","",""
"3 healthy ways to cook with nuts [Video Guide]","3-healthy-ways-to-cook-with-nuts-video-guide-890","These nutritional powerhouses add crunch and quality protein to your cooking.","FXMed Team","Nutrition & Healthy Eating","5 min read","draft","","",""
"6 ways to sneak whole grains into your diet [Video Guide]","6-ways-to-sneak-whole-grains-into-your-diet-video-guide-891","How can you get more whole grains in your diet? Follow these six simple strategies.","FXMed Team","Nutrition & Healthy Eating","5 min read","draft","","",""
"7 steps for a successful stir-fry [Video Guide]","7-steps-for-a-successful-stir-fry-video-guide-892","See how to clean out your fridge with a quick, healthy stir-fry.","FXMed Team","General Wellness","5 min read","draft","","",""
"How to fuel your body for everyday performance [Video Guide]","how-to-fuel-your-body-for-everyday-performance-video-guide-893","Watch and understand what Mayo experts recommend for daily nutrition that leaves your body prepped for high performance whenever you fit in your workout.","FXMed Team","Nutrition & Healthy Eating","5 min read","draft","","",""
"Hydration tips every athlete needs to know [Video Guide]","hydration-tips-every-athlete-needs-to-know-video-guide-894","Dehydration can take a toll on your workout. Watch and discover how to stay pumped, not parched, from start to finish.","FXMed Team","Exercise & Fitness","5 min read","draft","","",""
"6 ways to check your running technique [Video Guide]","6-ways-to-check-your-running-technique-video-guide-895","Small changes can make all the difference when you run. Discover from the pros how to improve your time, boost your energy and prevent injury.","FXMed Team","General Wellness","5 min read","draft","","",""
"Your guide to fuel prep for an endurance race [Video Guide]","your-guide-to-fuel-prep-for-an-endurance-race-video-guide-896","What you eat and drink has a major impact on how you feel during endurance events. See how to maximize your performance starting in the kitchen.","FXMed Team","General Wellness","5 min read","draft","","",""
"What every athlete should know about carbs and performance [Video Guide]","what-every-athlete-should-know-about-carbs-and-performance-video-guide-897","When it comes to fueling your body for your sport, the right carbs can be an ideal energizer. See how to use them to power your toughest workouts.","FXMed Team","Exercise & Fitness","5 min read","draft","","",""
"11 ways to outwit the most common running injuries [Video Guide]","11-ways-to-outwit-the-most-common-running-injuries-video-guide-898","As many as half of all runners get injured every year. Watch to see what steps you can take to stay strong and pain-free mile after mile.","FXMed Team","Pain Management","5 min read","draft","","",""
"How to recover from a tough training workout [Video Guide]","how-to-recover-from-a-tough-training-workout-video-guide-899","Good workout? See how what you do after your cool down can assist you with to maximize benefits, recover fast and stay motivated for your next session.","FXMed Team","Exercise & Fitness","5 min read","draft","","",""
"Recovery tips for injured athletes [Video Guide]","recovery-tips-for-injured-athletes-video-guide-900","Got a sports injury? Watch how the right approach can get you back in the game feeling refreshed and stronger than ever.","FXMed Team","General Wellness","5 min read","draft","","",""
"10 ways an athlete's body changes with age [Video Guide]","10-ways-an-athletes-body-changes-with-age-video-guide-901","Even the fittest bodies change with age -; and not just in the ways you think. See how your age affects your thirst, the length of your steps and more.","FXMed Team","General Wellness","5 min read","draft","","",""
"6 ways to stay active without injury as you age [Video Guide]","6-ways-to-stay-active-without-injury-as-you-age-video-guide-902","Feeling a bit creakier since your last birthday? Watch to see how you can personalize your fitness training routine to steer clear of injuries as you age.","FXMed Team","Exercise & Fitness","5 min read","draft","","",""
"How plant-based power foods help fight cancer [Video Guide]","how-plant-based-power-foods-help-fight-cancer-video-guide-903","See how 8 powerful and common foods encourage health and healing.","FXMed Team","Nutrition & Healthy Eating","5 min read","draft","","",""
"1-minute meditations for living with cancer [Video Guide]","1-minute-meditations-for-living-with-cancer-video-guide-904","See how meditation can be a powerful tool for your physical and mental health. Plus: 7 quick and easy mindfulness methods you can try today.","FXMed Team","Mental Health & Stress","5 min read","draft","","",""
"9 ways to manage your cancer fatigue [Video Guide]","9-ways-to-manage-your-cancer-fatigue-video-guide-905","It's important to stay active during treatment, even when you don't feel like it. See 9 tactics you can try today to keep your energy high.","FXMed Team","Chronic Conditions","5 min read","draft","","",""
"Tips for taming cancer stress [Video Guide]","tips-for-taming-cancer-stress-video-guide-906","See how 10 simple strategies can help manage cancer-related stress.","FXMed Team","Mental Health & Stress","5 min read","draft","","",""
"10 ways to accept help when you have cancer [Video Guide]","10-ways-to-accept-help-when-you-have-cancer-video-guide-907","People want to help when a loved one has cancer. Discover simple strategies for welcoming their assistance, whether it's delivering a meal or doing laundry.","FXMed Team","Nutrition & Healthy Eating","5 min read","draft","","",""
"9 tips for staying active during cancer treatment [Video Guide]","9-tips-for-staying-active-during-cancer-treatment-video-guide-908","See simple strategies to assist you with keep moving during cancer treatment. (Bonus: Boosting your activity also boosts your immunity and fights fatigue.)","FXMed Team","Chronic Conditions","5 min read","draft","","",""
"How to boost social support when you're living with cancer [Video Guide]","how-to-boost-social-support-when-youre-living-with-cancer-video-guide-909","Discover 9 ways to stay connected, even when you're feeling cancer fatigue. Bonus: Some of them don't even require you to leave the house.","FXMed Team","Chronic Conditions","5 min read","draft","","",""
"9 ways to clear the fog of cancer treatment [Video Guide]","9-ways-to-clear-the-fog-of-cancer-treatment-video-guide-910","It's common to feel foggy or forgetful during cancer treatment. Consider some simple strategies for clearing your mind and regaining focus.","FXMed Team","Chronic Conditions","5 min read","draft","","",""
"8 secrets from losers who keep their weight off [Video Guide]","8-secrets-from-losers-who-keep-their-weight-off-video-guide-911","Consider the surprising habits of people who shed pounds and keep it off over the long haul. Spoiler: Taking time to celebrate made the list.","FXMed Team","Weight Management","5 min read","draft","","",""
"7 kitchen habits that will cut your calories [Video Guide]","7-kitchen-habits-that-will-cut-your-calories-video-guide-912","Got kitchen clutter? See how getting it under control could assist you with shed pounds. Plus, 6 other ways to design your kitchen for healthier eating.","FXMed Team","Weight Management","5 min read","draft","","",""
"9 ways you add extra calories to your day [Video Guide]","9-ways-you-add-extra-calories-to-your-day-video-guide-913","Small bites throughout the day can really add up. Half a donut? Yep, it counts too. See how many extra calories are sneaking into your day.","FXMed Team","General Wellness","5 min read","draft","","",""
"6 simple ways to lose a little weight [Video Guide]","6-simple-ways-to-lose-a-little-weight-video-guide-914","You don't have to lose a lot for your doctor to take notice. Check out how shaving off even a few pounds can make a dramatic shift in your health.","FXMed Team","General Wellness","5 min read","draft","","",""
"9 ways to accidentally burn more calories all day [Video Guide]","9-ways-to-accidentally-burn-more-calories-all-day-video-guide-915","Workout calories aren't the only ones that count when you're trying to shed pounds. See how your daily habits can add up to a big time metabolic boost.","FXMed Team","Weight Management","5 min read","draft","","",""
"8 ways to make the mediterranean diet work for you [Video Guide]","8-ways-to-make-the-mediterranean-diet-work-for-you-video-guide-916","Dining on seafood and toasting with a glass of red wine are just two vacation-worthy habits you can enjoy regularly -; and get health benefits, too.","FXMed Team","Nutrition & Healthy Eating","5 min read","draft","","",""
"Secrets of people who bring their lunches [Video Guide]","secrets-of-people-who-bring-their-lunches-video-guide-917","See how the right strategies make packing a lunch an easy and delicious way to save mega calories.","FXMed Team","General Wellness","5 min read","draft","","",""
"7 healthy fats to add to your diet [Video Guide]","7-healthy-fats-to-add-to-your-diet-video-guide-918","Think olive oil is the only heart-healthy fat in town? See how sesame and canola oil stack up, plus 5 more healthy fats to try.","FXMed Team","Nutrition & Healthy Eating","5 min read","draft","","",""
"10 mayo clinic diet-approved items to put on your list [Video Guide]","10-mayo-clinic-diet-approved-items-to-put-on-your-list-video-guide-919","Successful weight reduction starts at the cart. These easy-to-use staples can support healthier cooking and eating all week long.","FXMed Team","Weight Management","5 min read","draft","","",""
"Mayo clinic debunks 6 weight loss myths [Video Guide]","mayo-clinic-debunks-6-weight-loss-myths-video-guide-920","You want to shed pounds. But it's tough to sort through all the do's and don'ts. Get the facts from experts who know.","FXMed Team","Weight Management","5 min read","draft","","",""
"5 easy-to-remember rules to jump-start weight loss [Video Guide]","5-easy-to-remember-rules-to-jump-start-weight-loss-video-guide-921","What works better than willpower? Simple rules you can live with that will automatically guide you to smarter food choices. See what they are.","FXMed Team","Weight Management","5 min read","draft","","",""
"How to prep for healthy eating all week [Video Guide]","how-to-prep-for-healthy-eating-all-week-video-guide-922","Chop veggies on Saturday and 9 more easy ways to plan ahead for healthy eating all week long. Your future self will thank you.","FXMed Team","Nutrition & Healthy Eating","5 min read","draft","","",""
"Do you know the difference between a snack and a treat? [Video Guide]","do-you-know-the-difference-between-a-snack-and-a-treat-video-guide-923","Discover which so-called healthy snacks actually promote weight gain. And discover ingenious, delicious ways to replace them.","FXMed Team","General Wellness","5 min read","draft","","",""
"How to break up with sugar [Video Guide]","how-to-break-up-with-sugar-video-guide-924","Got a supersized sweet tooth? See some simple things you can do to tamp down temptation and start eating (and drinking) better.","FXMed Team","Nutrition & Healthy Eating","5 min read","draft","","",""
"The weight loss secret you need to know [Video Guide]","the-weight-loss-secret-you-need-to-know-video-guide-925","Discover how to mash cauliflower instead of potatoes, plus more simple food swaps that save major calories without sacrificing taste.","FXMed Team","Weight Management","5 min read","draft","","",""
"Secrets for living well with heart disease [Video Guide]","secrets-for-living-well-with-heart-disease-video-guide-926","See how eating veggies first thing in the morning can boost your health, plus more ways to live better with heart disease.","FXMed Team","Nutrition & Healthy Eating","5 min read","draft","","",""
"6 things every woman should know about heart disease [Video Guide]","6-things-every-woman-should-know-about-heart-disease-video-guide-927","Simple lack of awareness is one of the top risk factors for heart disease in women. Consider these lifesaving facts and then share them with a friend.","FXMed Team","Chronic Conditions","5 min read","draft","","",""
"Everyday ways to lower your blood pressure [Video Guide]","everyday-ways-to-lower-your-blood-pressure-video-guide-928","You may not feel it, but you do things every day that affect your blood pressure. See how your to-do list and your shopping list can assist you with keep it down.","FXMed Team","General Wellness","5 min read","draft","","",""
"How to outsmart salt at the grocery store [Video Guide]","how-to-outsmart-salt-at-the-grocery-store-video-guide-929","More than 75 percent of the sodium you eat comes from processed foods and not from the saltshaker. Discover how you can shop to support a healthier heart.","FXMed Team","Nutrition & Healthy Eating","5 min read","draft","","",""
"8 surprising ways to reduce your risk of heart disease [Video Guide]","8-surprising-ways-to-reduce-your-risk-of-heart-disease-video-guide-930","See how getting a dog could help prevent heart disease, plus more heart-friendly habits you can adopt today.","FXMed Team","Chronic Conditions","5 min read","draft","","",""
"8 myths about heart disease you need to know [Video Guide]","8-myths-about-heart-disease-you-need-to-know-video-guide-931","Think you don't need to worry about heart disease (or you can't do anything about it anyway)? See some surprising facts that may make you reconsider.","FXMed Team","Chronic Conditions","5 min read","draft","","",""
"Questions about sleep when you have epilepsy [Video Guide]","questions-about-sleep-when-you-have-epilepsy-video-guide-932","When you have epilepsy, sleep can affect your seizures. Consider 8 important questions that can assist you with take steps to improve your sleep.","FXMed Team","Mental Health & Stress","5 min read","draft","","",""
"10 ways to keep your brain young [Video Guide]","10-ways-to-keep-your-brain-young-video-guide-933","What really works to prevent memory loss? Discover from the experts the powerful steps you can take to boost brain power and keep your mind sharp as you age.","FXMed Team","General Wellness","5 min read","draft","","",""
"Try a foam roller for a diy massage [Video Guide]","try-a-foam-roller-for-a-diy-massage-video-guide-934","See how to roll away upper back tension with a simple, inexpensive tool that you can use anytime, anyplace -; even while you watch TV.","FXMed Team","General Wellness","5 min read","draft","","",""
"Use a foam roller to release your hamstrings [Video Guide]","use-a-foam-roller-to-release-your-hamstrings-video-guide-935","Need help for tight, aching muscles? Give yourself a leg massage anytime, anyplace, with this simple, inexpensive tool.","FXMed Team","General Wellness","5 min read","draft","","",""
"Roll the ache out of your tight calves [Video Guide]","roll-the-ache-out-of-your-tight-calves-video-guide-936","Discover a secret weapon for massaging tired leg muscles at home. Just grab a high-density foam roller and a few minutes of your time!","FXMed Team","Pain Management","5 min read","draft","","",""
"Treat tight glutes with roller tlc [Video Guide]","treat-tight-glutes-with-roller-tlc-video-guide-937","Watch how to use this inexpensive massage tool and you'll see just how easy it is to loosen overworked hips and improve your range of motion.","FXMed Team","General Wellness","5 min read","draft","","",""
"Use a roller to run or cycle safely [Video Guide]","use-a-roller-to-run-or-cycle-safely-video-guide-938","You don't need to call a massage therapist to ease tight, aching leg muscles after a run or a ride. Watch how you can do a DIY massage right at home.","FXMed Team","General Wellness","5 min read","draft","","",""
"Why you should drop and give yourself 10 pushups [Video Guide]","why-you-should-drop-and-give-yourself-10-pushups-video-guide-939","Watch and discover the proper form for doing knee pushups -; then start working them into your fitness routine. They're great overall body strengtheners.","FXMed Team","Exercise & Fitness","5 min read","draft","","",""
"Want to strengthen your abs? try a plank [Video Guide]","want-to-strengthen-your-abs-try-a-plank-video-guide-940","See how to do a front plank, a top move for conditioning your abs that's all about form. It'll strengthen your core as you contract and hold your muscles.","FXMed Team","General Wellness","5 min read","draft","","",""
"Take 5 to work your hips and back [Video Guide]","take-5-to-work-your-hips-and-back-video-guide-941","Watch how the hip hinge works your entire backside in one move -; great before a walk or jog. It'll get your glutes muscles firing more efficiently.","FXMed Team","General Wellness","5 min read","draft","","",""
"Build balance one leg at a time [Video Guide]","build-balance-one-leg-at-a-time-video-guide-942","See how this simple, functional move can assist you with improve your balance, strengthen your hips and condition your backside -; all essential as you age.","FXMed Team","General Wellness","5 min read","draft","","",""
"Find a hallway and try some walking lunges [Video Guide]","find-a-hallway-and-try-some-walking-lunges-video-guide-943","Watch and discover how walking lunges can wake up your lower body. You'll build leg strength and increase your mobility -; benefits for any age.","FXMed Team","General Wellness","5 min read","draft","","",""
"Reverse your lunge for easier balance [Video Guide]","reverse-your-lunge-for-easier-balance-video-guide-944","Watch and discover how to do a lunge in reverse. Work to practice the right form and control your knee position. Sometimes backward is better.","FXMed Team","General Wellness","5 min read","draft","","",""
"Build back strength as you balance in bird dog [Video Guide]","build-back-strength-as-you-balance-in-bird-dog-video-guide-945","See how this opposite arm-and-leg balancing move can assist you with build both core stability and back strength. The benefit? It'll assist you with prevent back pain.","FXMed Team","Pain Management","5 min read","draft","","",""
"Shake up your warmup with a twist on the crunch [Video Guide]","shake-up-your-warmup-with-a-twist-on-the-crunch-video-guide-946","Bored with the same old stretching routine? See how to do the bird dog crunch, and add it to your dynamic warmup. It'll wake up your core, back and glutes.","FXMed Team","General Wellness","5 min read","draft","","",""
"The glutes exercise you need to know about [Video Guide]","the-glutes-exercise-you-need-to-know-about-video-guide-947","Sitting too much? See how doing the bridge exercise can assist you with strengthen your glutes -; key for both back pain prevention and better posture.","FXMed Team","Exercise & Fitness","5 min read","draft","","",""
"Boost running stability with an amped-up bridge [Video Guide]","boost-running-stability-with-an-amped-up-bridge-video-guide-948","Runners take note: This twist on the traditional bridge exercise is great for joggers -; or anyone who needs stability on one foot to stay injury-free.","FXMed Team","Exercise & Fitness","5 min read","draft","","",""
"Turn a commercial break into a core workout [Video Guide]","turn-a-commercial-break-into-a-core-workout-video-guide-949","See how to work your glutes and abs with a balancing bridge move. You'll build stronger hips and core, all while catching up on your favorite show.","FXMed Team","Exercise & Fitness","5 min read","draft","","",""
"Turn a plank to challenge your core [Video Guide]","turn-a-plank-to-challenge-your-core-video-guide-950","See how to turn your plank sideways to amp up the move. You'll strengthen your core from a different angle -; important to keeping your back pain-free.","FXMed Team","Pain Management","5 min read","draft","","",""
"Amp up your core with a dynamic plank [Video Guide]","amp-up-your-core-with-a-dynamic-plank-video-guide-951","See how adding a torso twist turns the side plank into a serious core challenge. It'll help build the strength you need to keep back pain at bay.","FXMed Team","Pain Management","5 min read","draft","","",""
"Grab a band for an all-over strengthener [Video Guide]","grab-a-band-for-an-all-over-strengthener-video-guide-952","See how to do this lunge-and-press strengthening move, no gym required. Just find an available doorknob, connect your exercise band and get started.","FXMed Team","Exercise & Fitness","5 min read","draft","","",""
"Add resistance to get stronger head to toe [Video Guide]","add-resistance-to-get-stronger-head-to-toe-video-guide-953","See how this dynamic lunge-and-press exercise uses resistance to work your whole body. All you need to get going is an exercise band and a handy doorknob.","FXMed Team","Exercise & Fitness","5 min read","draft","","",""
"Row your way to stronger shoulders [Video Guide]","row-your-way-to-stronger-shoulders-video-guide-954","See how using a resistance band with this pull-and-release move can assist you with build strength in your upper back and shoulders -; anytime, anyplace.","FXMed Team","General Wellness","5 min read","draft","","",""
"Do double duty when you lunge and row [Video Guide]","do-double-duty-when-you-lunge-and-row-video-guide-955","With a standing row, you work your upper and lower body at once as you hold a static lunge position. A portable exercise you can do anywhere!","FXMed Team","Exercise & Fitness","5 min read","draft","","",""
"Want stronger hips? try walking sideways [Video Guide]","want-stronger-hips-try-walking-sideways-video-guide-956","See how using a resistance band turns simple side steps into a hip-strengthening move that will improve lower body alignment and reduce knee pain.","FXMed Team","Pain Management","5 min read","draft","","",""
"Love your knees by working your hips [Video Guide]","love-your-knees-by-working-your-hips-video-guide-957","See how to help protect your knees by building stronger hips in this side lunge resistance exercise. Just grab an exercise band to get started.","FXMed Team","Exercise & Fitness","5 min read","draft","","",""
"Use a band to deepen your squat [Video Guide]","use-a-band-to-deepen-your-squat-video-guide-958","Watch and discover how using a hand-held resistance band can assist you with master your squat form. You'll build confidence and go deeper for greater benefits.","FXMed Team","General Wellness","5 min read","draft","","",""
"Power your squat with added resistance [Video Guide]","power-your-squat-with-added-resistance-video-guide-959","Toss an exercise band into your bag and you're ready to do this strength-building squat anytime, anyplace. See how adding resistance amps up the move.","FXMed Team","Exercise & Fitness","5 min read","draft","","",""
"Give your obliques the wood chop workout [Video Guide]","give-your-obliques-the-wood-chop-workout-video-guide-960","Watch and see how integrating diagonal movement like the wood chop into your routine helps build core stability. Add a resistance band to amp up the move!","FXMed Team","Exercise & Fitness","5 min read","draft","","",""
"Need more oomph in your arms? try a row [Video Guide]","need-more-oomph-in-your-arms-try-a-row-video-guide-961","See how this simple weightlifting exercise helps build the strength you need for everyday tasks like starting a lawn mower or hauling heavy bags.","FXMed Team","Exercise & Fitness","5 min read","draft","","",""
"How to make your plank work harder [Video Guide]","how-to-make-your-plank-work-harder-video-guide-962","Watch and discover how adding dumbbells to your plank amps up this core-busting classic into a full-body move. It'll work your arms, back, core and glutes!","FXMed Team","General Wellness","5 min read","draft","","",""
"Want more from your squat? add weight [Video Guide]","want-more-from-your-squat-add-weight-video-guide-963","See how adding weight to your squat kicks this classic exercise up a notch -; if you don't have a weight, just grab a laptop bag or a gallon of milk.","FXMed Team","Exercise & Fitness","5 min read","draft","","",""
"Power up your glutes with a dead lift [Video Guide]","power-up-your-glutes-with-a-dead-lift-video-guide-964","Watch and discover how to build strength in your hips with this classic weightlifting move. It'll assist you with tackle hikes or stairs with greater ease.","FXMed Team","General Wellness","5 min read","draft","","",""
"Grab some weights to add challenge when you lunge [Video Guide]","grab-some-weights-to-add-challenge-when-you-lunge-video-guide-965","See how using hand weights adds an extra challenge to this quad-strengthening exercise. No gym required -; try it right in your living room.","FXMed Team","Exercise & Fitness","5 min read","draft","","",""
"Build your stair climbing power with step-ups [Video Guide]","build-your-stair-climbing-power-with-step-ups-video-guide-966","Out of breath at the top of the stairs? Watch how to do step-ups while holding weights -; they'll boost your core strength and help build stamina.","FXMed Team","General Wellness","5 min read","draft","","",""
"Stairs leave you breathless? try step-ups [Video Guide]","stairs-leave-you-breathless-try-step-ups-video-guide-967","Adding a weight on just one side adds a core challenge to this lower body strengthener. No hand weight? Just grab a gallon of milk to get started.","FXMed Team","General Wellness","5 min read","draft","","",""
"Try a lunge that challenges your whole body [Video Guide]","try-a-lunge-that-challenges-your-whole-body-video-guide-968","See how to do a reverse lunge with trunk rotation. It'll strengthen your glutes and quads while protecting your knees. It's simpler than it sounds!","FXMed Team","General Wellness","5 min read","draft","","",""
"Take a break to build better balance [Video Guide]","take-a-break-to-build-better-balance-video-guide-969","Watch and see how doing this simple exercise while you brush your teeth can help improve your balance. Your calves will thank you, too!","FXMed Team","Exercise & Fitness","5 min read","draft","","",""
"Get a great leg workout while you binge-watch [Video Guide]","get-a-great-leg-workout-while-you-binge-watch-video-guide-970","Work hips, quads and glutes with one multi-directional lunge that's perfect for home or gym.","FXMed Team","Exercise & Fitness","5 min read","draft","","",""
"A workout that's jump-rope tough without the rope [Video Guide]","a-workout-thats-jump-rope-tough-without-the-rope-video-guide-971","See how to pump up your heart rate with this high-energy cardio move -; you can even do an interval workout during commercial breaks from your favorite show.","FXMed Team","Exercise & Fitness","5 min read","draft","","",""
"Up your game with jump-training [Video Guide]","up-your-game-with-jump-training-video-guide-972","Watch and discover how to do plyometric hops. It's a great leg-strengthening move that'll assist you with improve your speed and agility on the court.","FXMed Team","Exercise & Fitness","5 min read","draft","","",""
"No ice needed for this skater core workout [Video Guide]","no-ice-needed-for-this-skater-core-workout-video-guide-973","Skip the cold ice rink: Watch and discover how to do a high-intensity, calorie-burning skater move in the comfort of your home -; great for both hips and core!","FXMed Team","Exercise & Fitness","5 min read","draft","","",""
"8 things you can do to reduce your cancer risk [Video Guide]","8-things-you-can-do-to-reduce-your-cancer-risk-video-guide-974","If up to half of cancer cases are preventable, then what's the secret to protecting yourself? See what the experts recommend for your daily choices.","FXMed Team","Chronic Conditions","5 min read","draft","","",""
"8 reasons successful people make time to be social [Video Guide]","8-reasons-successful-people-make-time-to-be-social-video-guide-975","Ready to boost your physical, mental and emotional health? Make plans with a friend. See 8 reasons social activity can improve your well-being.","FXMed Team","General Wellness","5 min read","draft","","",""
"8 habits of resilient leaders [Video Guide]","8-habits-of-resilient-leaders-video-guide-976","Want to become a better leader? Add these 8 powerful practices to your life today.","FXMed Team","Healthy Habits","5 min read","draft","","",""
"9 non-prescription ways to manage pain [Video Guide]","9-non-prescription-ways-to-manage-pain-video-guide-977","Prescription drugs can be an effective way to relieve aches and pains. But they may not always be necessary. See 9 other ways to get past your pain.","FXMed Team","Pain Management","5 min read","draft","","",""
"Feeling stressed? remember the 4 a's [Video Guide]","feeling-stressed-remember-the-4-as-video-guide-978","Life will throw you curveballs. So memorize the ""4 A's"" and you'll be better prepared for the next high-stress challenge.","FXMed Team","Mental Health & Stress","5 min read","draft","","",""
"5 problem-solving skills to manage workplace stress [Video Guide]","5-problem-solving-skills-to-manage-workplace-stress-video-guide-979","Are you working toward a better work-life balance? See why experts recommend the ""problem-solving"" approach to managing job-related stress.","FXMed Team","Mental Health & Stress","5 min read","draft","","",""
"Master the art of saying no [Video Guide]","master-the-art-of-saying-no-video-guide-980","If you're overcommitted, there's one sure-fire cure. Here's how saying ""no"" can bring freedom and peace of mind.","FXMed Team","General Wellness","5 min read","draft","","",""
"7 ways to de-stress right now [Video Guide]","7-ways-to-de-stress-right-now-video-guide-981","You can't see it, but living in stress carries serious health risks. Downshift any time, any day, with one of these proven stress-busters.","FXMed Team","Mental Health & Stress","5 min read","draft","","",""
"Why exercise can be a great prescription [Video Guide]","why-exercise-can-be-a-great-prescription-video-guide-982","See how regular physical activity can be a powerful drug-free treatment for many common health conditions ranging from depression to diabetes.","FXMed Team","Mental Health & Stress","5 min read","draft","","",""
"Why dogs are great for your health [Video Guide]","why-dogs-are-great-for-your-health-video-guide-983","Looking for an excuse to get a dog (or more reasons to love the one you have)? See how pets can offer a boost for heart health, relationships and more.","FXMed Team","Heart Health","5 min read","draft","","",""
"Why kids are the best excuse to get fit [Video Guide]","why-kids-are-the-best-excuse-to-get-fit-video-guide-984","Think busy parents don't have time for exercise? See how you can turn soccer practice or a trip to the park into an opportunity for your own workout.","FXMed Team","Exercise & Fitness","5 min read","draft","","",""
"7 reasons to try interval training [Video Guide]","7-reasons-to-try-interval-training-video-guide-985","Want to get more out of your workouts in less time, and have fun doing it? Sound too good to be true? It's possible with intervals. See how it works.","FXMed Team","Exercise & Fitness","5 min read","draft","","",""
"9 ways you can sneak exercise into your day [Video Guide]","9-ways-you-can-sneak-exercise-into-your-day-video-guide-986","Surprise: The clothes you wear can make a difference of nearly 500 extra steps a day. See how, plus more great ways to add effortless exercise.","FXMed Team","Exercise & Fitness","5 min read","draft","","",""
"Your 9 best exercise excuses: busted [Video Guide]","your-9-best-exercise-excuses-busted-video-guide-987","Too busy? Too tired? Too uncoordinated? You can come up with many reasons not to exercise. Here's how to overcome each of them.","FXMed Team","Exercise & Fitness","5 min read","draft","","",""
"7 ways you can become a cyclist (yes, you) [Video Guide]","7-ways-you-can-become-a-cyclist-yes-you-video-guide-988","You don't need fancy equipment or years of experience to reap the health benefits of cycling. See how to become a cyclist today with these 7 tips.","FXMed Team","General Wellness","5 min read","draft","","",""
"11 simple ways to avoid golfing injuries [Video Guide]","11-simple-ways-to-avoid-golfing-injuries-video-guide-989","Want to protect your weekend golf game from pesky injuries? Discover the tricks to keeping aches and pains away, including one you can do while watching TV.","FXMed Team","Pain Management","5 min read","draft","","",""
"7 myths about concussions every parent should know [Video Guide]","7-myths-about-concussions-every-parent-should-know-video-guide-990","Want to protect your child from concussion? See why a helmet alone isn't the answer, and discover how to ensure it's safe to get back in the game.","FXMed Team","General Wellness","5 min read","draft","","",""
"6 reasons to work with an athletic skills coach [Video Guide]","6-reasons-to-work-with-an-athletic-skills-coach-video-guide-991","Coaches aren't just for kids. See how a pro could assist you with steer clear of injuries and reach your personal best, no matter how old you are.","FXMed Team","Pain Management","5 min read","draft","","",""
"True or false: stretching is always good for you [Video Guide]","true-or-false-stretching-is-always-good-for-you-video-guide-992","Forget everything you thought you knew about stretching. Discover when you should -; and shouldn't -; reach for your toes, plus a better way to warm up.","FXMed Team","General Wellness","5 min read","draft","","",""
"5 fast ways to eat more real food [Video Guide]","5-fast-ways-to-eat-more-real-food-video-guide-993","Forget fast food. Eating healthy at home can be convenient (really!). Just follow these time-saving hacks for quick and cost-conscious nutrition.","FXMed Team","Nutrition & Healthy Eating","5 min read","draft","","",""
"How to tackle the toughest eating triggers [Video Guide]","how-to-tackle-the-toughest-eating-triggers-video-guide-994","Losing the junk food stare down? Discover these trigger-fighting tips to assist you with stay on track in the kitchen and beyond.","FXMed Team","Nutrition & Healthy Eating","5 min read","draft","","",""
"Surprising ways to get past a weight-loss plateau [Video Guide]","surprising-ways-to-get-past-a-weight-loss-plateau-video-guide-995","Has your scale stopped moving in the right direction? Try these strategies to reboot your progress and reclaim your weight-reduction momentum.","FXMed Team","General Wellness","5 min read","draft","","",""
"8 habits of slim people [Video Guide]","8-habits-of-slim-people-video-guide-996","Ever wondered why some people seem to keep the pounds off? Scientists have studied what slim folks have in common, and the results could surprise you.","FXMed Team","Healthy Habits","5 min read","draft","","",""
"5 reasons carbs don't deserve their bad rap [Video Guide]","5-reasons-carbs-dont-deserve-their-bad-rap-video-guide-997","From diet fads to national news, carbs always seem to be in the hot seat. But here's the truth behind carbs, and why they're better for you than you think.","FXMed Team","Nutrition & Healthy Eating","5 min read","draft","","",""
"Let your mind protect your heart [Video Guide]","let-your-mind-protect-your-heart-video-guide-998","Stress is hard on your heart. But all you need is a few minutes a day to relax into healthier blood pressure and lower cardiac risk. Discover how.","FXMed Team","Mental Health & Stress","5 min read","draft","","",""
"8 healthy habits to set before you're 30 [Video Guide]","8-healthy-habits-to-set-before-youre-30-video-guide-999","Twenty-somethings: It's time to get real about the habits that'll make a difference the rest of your life. Hint: Fun is part of the strategy.","FXMed Team","Healthy Habits","5 min read","draft","","",""
"How to prevent the top threats to men's health [Video Guide]","how-to-prevent-the-top-threats-to-mens-health-video-guide-1000","Do you know the top threats to men's health? Here's how to reduce your risks and have a little fun in the process.","FXMed Team","General Wellness","5 min read","draft","","",""
"7 ways to get past nicotine cravings [Video Guide]","7-ways-to-get-past-nicotine-cravings-video-guide-1001","Ready to quit smoking? See 7 tactics you can try today to curb your nicotine cravings.","FXMed Team","Smoking Cessation","5 min read","draft","","",""
"How aging really affects your sleep [Video Guide]","how-aging-really-affects-your-sleep-video-guide-1002","With age comes wisdom. But it can also come with a change in your sleep patterns. See 4 ways aging affects your sleep, and what you can do about it.","FXMed Team","Mental Health & Stress","5 min read","draft","","",""
"Bridge (double)","bridge-double-1003","Strengthen your core and glutes with this classic bridge exercise.","FXMed Team","Exercise & Fitness","5 min read","draft","","",""
"Child's pose","childs-pose-1004","Feel a stretch in your back with this child's pose.","FXMed Team","General Wellness","5 min read","draft","","",""
"Opposite shoulder flexion extension","opposite-shoulder-flexion-extension-1005","Try this resistance band exercise to increase the strength in your shoulders.","FXMed Team","Exercise & Fitness","5 min read","draft","","",""
"8 reasons healthy sleep should be non-negotiable [Video Guide]","8-reasons-healthy-sleep-should-be-non-negotiable-video-guide-1006","Think you don't need a full night's sleep? Think again. Getting enough sleep is vital to your physical and mental health. Here are 8 reasons why.","FXMed Team","Mental Health & Stress","5 min read","draft","","",""
"Chest press with staggered stance","chest-press-with-staggered-stance-1007","Use this variation of a classic chest press to work your chest and challenge your core.","FXMed Team","General Wellness","5 min read","draft","","",""
"Dynamic lunge with overhead single arm","dynamic-lunge-with-overhead-single-arm-1008","Try this take off on a classic lunge and challenge your core and upper body as well.","FXMed Team","General Wellness","5 min read","draft","","",""
"Front-to-back and Side-to-side hops","front-to-back-and-side-to-side-hops-1009","Get your body moving and work on leg strength and stamina while hopping front to back and side to side.","FXMed Team","General Wellness","5 min read","draft","","",""
"Half roll back with resisted rotation","half-roll-back-with-resisted-rotation-1010","Try a half roll back with resisted rotation to strengthen your core muscles.","FXMed Team","General Wellness","5 min read","draft","","",""
"Half-kneeling wood chop low to high","half-kneeling-wood-chop-low-to-high-1011","Try this variation of a wood chop while half-kneeling.","FXMed Team","General Wellness","5 min read","draft","","",""
"Jumping jacks","jumping-jacks-1012","Try this jumping jacks exercise to warm up and get your heart pumping.","FXMed Team","Exercise & Fitness","5 min read","draft","","",""
"Jumping lunge","jumping-lunge-1013","Try a jumping lunge to strengthen your legs.","FXMed Team","General Wellness","5 min read","draft","","",""
"Leg circles","leg-circles-1014","Try this leg exercise to strengthen your legs, core and hips.","FXMed Team","Exercise & Fitness","5 min read","draft","","",""
"Lunge at wall","lunge-at-wall-1015","Try using a wall to help with support and balance and enable proper technique as you perform a lunge.","FXMed Team","General Wellness","5 min read","draft","","",""
"Lunge clocks","lunge-clocks-1016","Try these lunge clocks to improve your balance and stability.","FXMed Team","General Wellness","5 min read","draft","","",""
"Lunge with wood chop low to high","lunge-with-wood-chop-low-to-high-1017","This wood chop works your legs, core, and arms all in one move, and also helps your stability.","FXMed Team","General Wellness","5 min read","draft","","",""
"Monster walks","monster-walks-1018","Strengthen your hip stabilizing muscles and challenge your core with this monster walk exercise.","FXMed Team","Exercise & Fitness","5 min read","draft","","",""
"Neck and trunk rotation with arm swings and Arm circles","neck-and-trunk-rotation-with-arm-swings-and-arm-circles-1019","Use this exercise to warm up your neck, trunk and arms.","FXMed Team","Exercise & Fitness","5 min read","draft","","",""
"Pilates breath","pilates-breath-1020","Try the Pilates breath, release tension and concentrate on your breathing.","FXMed Team","General Wellness","5 min read","draft","","",""
"Pilates pushup","pilates-pushup-1021","Use this Pilates pushup exercise to strengthen the muscles in your upper body.","FXMed Team","Exercise & Fitness","5 min read","draft","","",""
"Prone quadriceps stretch (single)","prone-quadriceps-stretch-single-1022","Get a good stretch in your quads with this stretch.","FXMed Team","General Wellness","5 min read","draft","","",""
"Pushup — one foot off the floor","pushup-one-foot-off-the-floor-1023","Try a classic pushup with one foot off the floor for an added challenge.","FXMed Team","General Wellness","5 min read","draft","","",""
"Pushup – toes","pushup-toes-1024","Try this body weight exercise to strengthen muscles in your core, chest and upper body.","FXMed Team","Exercise & Fitness","5 min read","draft","","",""
"Quadruped – single-leg reach","quadruped-single-leg-reach-1025","Try this exercise to strengthen your core muscles.","FXMed Team","Exercise & Fitness","5 min read","draft","","",""
"Resistance band bird dog","resistance-band-bird-dog-1026","Try this variation of a bird dog exercise to gain strength in your core and glutes.","FXMed Team","Exercise & Fitness","5 min read","draft","","",""
"Resistance looped band side walk","resistance-looped-band-side-walk-1027","Grab a resistance band and walk sideways to strengthen your hip muscles and legs.","FXMed Team","General Wellness","5 min read","draft","","",""
"Resisted march (looped band position)","resisted-march-looped-band-position-1028","Try this marching exercise using a resistance band to gain strength in your core, hip muscles and legs.","FXMed Team","Exercise & Fitness","5 min read","draft","","",""
"Roll up","roll-up-1029","Try this roll up exercise to strengthen your core.","FXMed Team","Exercise & Fitness","5 min read","draft","","",""
"Rolling like a ball","rolling-like-a-ball-1030","Try this fun way to work your abs and massage your spine.","FXMed Team","General Wellness","5 min read","draft","","",""
"Rotator cuff external rotation (resistance band midposition)","rotator-cuff-external-rotation-resistance-band-midposition-1031","Try improving your rotator cuff strength using this resistance band exercise.","FXMed Team","Exercise & Fitness","5 min read","draft","","",""
"Rotator cuff internal rotation (resistance band midposition)","rotator-cuff-internal-rotation-resistance-band-midposition-1032","Work on improving your rotator cuff strength with this resistance band exercise.","FXMed Team","Exercise & Fitness","5 min read","draft","","",""
"Saw","saw-1033","Try a saw stretch to stretch your back, trunk and hamstrings.","FXMed Team","General Wellness","5 min read","draft","","",""
"Side-to-side taps","side-to-side-taps-1034","Use these side-to-side taps to get your body moving, which are especially useful if you perform a lot of side to side activity, such as singles tennis.","FXMed Team","General Wellness","5 min read","draft","","",""
"Single leg hip hinge with arms overhead","single-leg-hip-hinge-with-arms-overhead-1035","Try this hip move to strengthen your core and hip (gluteal) muscles.","FXMed Team","General Wellness","5 min read","draft","","",""
"Spine stretch","spine-stretch-1036","Use this Pilates exercise to stretch your spine.","FXMed Team","Exercise & Fitness","5 min read","draft","","",""
"Standing heel cord stretch","standing-heel-cord-stretch-1037","Get your calf and Achilles tendon stretched out with this exercise.","FXMed Team","Exercise & Fitness","5 min read","draft","","",""
"Standing toe and Heel raise","standing-toe-and-heel-raise-1038","Improve the strength in your calves with this exercise.","FXMed Team","Exercise & Fitness","5 min read","draft","","",""
"Standing trunk rotation","standing-trunk-rotation-1039","Rotate your upper body with this exercise to improve the flexibility of your trunk muscles.","FXMed Team","Exercise & Fitness","5 min read","draft","","",""
"Superman (arms in front)","superman-arms-in-front-1040","Strengthen your back and core muscles with this Superman move.","FXMed Team","General Wellness","5 min read","draft","","",""
"Supine knee to chest","supine-knee-to-chest-1041","Get a good stretch in your low back with this exercise.","FXMed Team","Exercise & Fitness","5 min read","draft","","",""
"Supine pike scissors (intermediate)","supine-pike-scissors-intermediate-1042","Try this scissors move to increase the strength in your leg muscles and engage your core.","FXMed Team","General Wellness","5 min read","draft","","",""
"V-sit with resisted rotation","v-sit-with-resisted-rotation-1043","Work on making your core muscles stronger by doing this V-sit exercise.","FXMed Team","Exercise & Fitness","5 min read","draft","","",""
"Exercise and your brain [Video Guide]","exercise-and-your-brain-video-guide-1044","Discover how exercise keeps your body and brain functioning properly.","FXMed Team","Exercise & Fitness","5 min read","draft","","",""
"Back-to-school concussion screening [Video Guide]","back-to-school-concussion-screening-video-guide-1045","Back-to-school concussion screening measures brain function, memory, reaction time and recall before the sports season begins.","FXMed Team","General Wellness","5 min read","draft","","",""
"Burn calories without burning out on exercise [Video Guide]","burn-calories-without-burning-out-on-exercise-video-guide-1046","When it comes to battling the bulge, slow and steady will keep you in the race and assist you with win it.","FXMed Team","Exercise & Fitness","5 min read","draft","","",""
"Tips to prevent golf injuries [Video Guide]","tips-to-prevent-golf-injuries-video-guide-1047","Overuse injuries are common on the golf course. Use these tips to prepare for play so you can enjoy a healthy golf season.","FXMed Team","General Wellness","5 min read","draft","","",""
"Female athletes may need more iron [Video Guide]","female-athletes-may-need-more-iron-video-guide-1048","Women who exercise for long periods of time or participate in sports where there is repetitive heel striking are at increased risk of iron deficiency.","FXMed Team","Exercise & Fitness","5 min read","draft","","",""
"What should be in your sports drink? [Video Guide]","what-should-be-in-your-sports-drink-video-guide-1049","If you're exercising or training for more than 60 minutes, choose a sports drink that will deliver the nutrients your body needs.","FXMed Team","Exercise & Fitness","5 min read","draft","","",""
"The benefits of a weekend warrior workout [Video Guide]","the-benefits-of-a-weekend-warrior-workout-video-guide-1050","Discover how weekend warriors can get most of the same benefits of daily exercisers, and some ways you can squeeze a bit more exercise into your daily life.","FXMed Team","Exercise & Fitness","5 min read","draft","","",""
"Does folic acid prevent obesity in kids? [Video Guide]","does-folic-acid-prevent-obesity-in-kids-video-guide-1051","New research shows there may be another good reason for expectant mothers to take folic acid: It may prevent obesity in children.","FXMed Team","Weight Management","5 min read","draft","","",""
"5 tips for cooking with healthier oils [Video Guide]","5-tips-for-cooking-with-healthier-oils-video-guide-1052","Your body needs some fat to function normally. However, not all fats are created equal, and it's wise to choose the healthier options whenever possible.","FXMed Team","General Wellness","5 min read","draft","","",""
"Decoding food dates [Video Guide]","decoding-food-dates-video-guide-1053","There are some common freshness codes stamped on items in stores, but the information can be confusing.","FXMed Team","Nutrition & Healthy Eating","5 min read","draft","","",""
"Is your refrigerator-freezer healthy? [Video Guide]","is-your-refrigerator-freezer-healthy-video-guide-1054","The temperature, how you arrange the food, and how often you clean your refrigerator can affect your health.","FXMed Team","Nutrition & Healthy Eating","5 min read","draft","","",""
"Peeling into the health benefits of bananas [Video Guide]","peeling-into-the-health-benefits-of-bananas-video-guide-1055","There are many benefits of making bananas a part of a well-balanced diet.","FXMed Team","Nutrition & Healthy Eating","5 min read","draft","","",""
"Stocking a healthy kitchen [Video Guide]","stocking-a-healthy-kitchen-video-guide-1056","Stock a healthy kitchen with these tips from a registered dietitian with the Mayo Clinic Healthy Living Program.","FXMed Team","Nutrition & Healthy Eating","5 min read","draft","","",""
"Why whole grains are the healthier choice [Video Guide]","why-whole-grains-are-the-healthier-choice-video-guide-1057","Want to be a healthier eater? Focus on whole grains. These unrefined grains are linked to a lower risk for heart disease, certain cancers and other health problems.","FXMed Team","Chronic Conditions","5 min read","draft","","",""
"Yo-yo dieting is hard on a woman's heart [Video Guide]","yo-yo-dieting-is-hard-on-a-womans-heart-video-guide-1058","You have a big event coming up and need to fit into that great dress. So you crash diet -; only to gain it all back again. If this sounds familiar, you could be yo-yo dieting. But research shows yo-yo dieting, also called weight cycling, is hard on your heart.","FXMed Team","Nutrition & Healthy Eating","5 min read","draft","","",""
"Wine, chocolate and your heart [Video Guide]","wine-chocolate-and-your-heart-video-guide-1059","Discover why some of the chocolates in that candy box and a glass of red wine with your romantic dinner may actually be good for your heart.","FXMed Team","Heart Health","5 min read","draft","","",""
"E. coli fast facts [Video Guide]","e-coli-fast-facts-video-guide-1060","Explore common causes of E. coli sickness and what can be done to prevent them.","FXMed Team","General Wellness","5 min read","draft","","",""
"Do french fries cause cancer? [Video Guide]","do-french-fries-cause-cancer-video-guide-1061","Research shows that potatoes fried at high temperatures may cause cancer in lab rats. Does this mean humans are at risk?","FXMed Team","Chronic Conditions","5 min read","draft","","",""
"Health benefits of coffee [Video Guide]","health-benefits-of-coffee-video-guide-1062","Evidence is increasing there are health benefits to drinking coffee that may lower your risk of premature death from certain illnesses.","FXMed Team","General Wellness","5 min read","draft","","",""
"Why you need vitamin d and how to get it [Video Guide]","why-you-need-vitamin-d-and-how-to-get-it-video-guide-1063","Vitamin D is essential for health but isn't as easy as other nutrients to get in a balanced diet. Discover why vitamin D is so important and use these ideas to ensure you are getting enough.","FXMed Team","Nutrition & Healthy Eating","5 min read","draft","","",""
"Low-carb diet findings and cautions [Video Guide]","low-carb-diet-findings-and-cautions-video-guide-1064","A new Mayo Clinic study shows low-carbohydrate diets are slightly more effective for weight reduction than low-fat diets.","FXMed Team","Weight Management","5 min read","draft","","",""
"Revamping your plate to reduce processed meats [Video Guide]","revamping-your-plate-to-reduce-processed-meats-video-guide-1065","Evidence consistently shows an increased intake of red meat, especially processed red meat, is associated with a risk for health problems and can increase your risk for heart disease, cancer and even death. Use these ideas to replace processed meats in your summer diet.","FXMed Team","Nutrition & Healthy Eating","5 min read","draft","","",""
"Researching the trillions of bugs in your body [Video Guide]","researching-the-trillions-of-bugs-in-your-body-video-guide-1066","Our bodies are home to trillions of microbes, known as the human microbiome. Mayo researchers are finding it does more for us than we imagined.","FXMed Team","General Wellness","5 min read","draft","","",""
"Timing snacks to avoid heartburn [Video Guide]","timing-snacks-to-avoid-heartburn-video-guide-1067","While it may be tempting to have another round of leftovers -; or any snack -; before you turn in for the tonight, you may regret it.","FXMed Team","Heart Health","5 min read","draft","","",""
"Grilling steak vs burgers [Video Guide]","grilling-steak-vs-burgers-video-guide-1068","The sizzle of a juicy burger and a thick steak on a hot grill can be music to our ears, but, if not cooked correctly, it can mean trouble.","FXMed Team","General Wellness","5 min read","draft","","",""
"What to eat for brain health [Video Guide]","what-to-eat-for-brain-health-video-guide-1069","Mayo Clinic experts say what's good for the body is also good for the brain, and your diet may impact your risk of dementia.","FXMed Team","Nutrition & Healthy Eating","5 min read","draft","","",""
"How much vitamin d do you need? [Video Guide]","how-much-vitamin-d-do-you-need-video-guide-1070","Studies show that, while most Americans do not get enough vitamin D, a growing portion of people get too much. Here's show to find a happy medium.","FXMed Team","General Wellness","5 min read","draft","","",""
"5 breakfasts for brain power [Video Guide]","5-breakfasts-for-brain-power-video-guide-1071","The first assignment of any school day: Eat breakfast. Studies show that kids who eat breakfast actually discover better.","FXMed Team","General Wellness","5 min read","draft","","",""
"After-school snack ideas [Video Guide]","after-school-snack-ideas-video-guide-1072","After a long school day, a nutritious snack can fuel your student's growing body and steer clear of a meltdown. It can boost brain power for homework, too.","FXMed Team","General Wellness","5 min read","draft","","",""
"A chef's advice at the farmers market [Video Guide]","a-chefs-advice-at-the-farmers-market-video-guide-1073","Experts say one of the best places to explore seasonal, local foods is the farmers market. Use these five tips to explore the local market.","FXMed Team","Nutrition & Healthy Eating","5 min read","draft","","",""
"Flavorful ways to reduce salt in your diet [Video Guide]","flavorful-ways-to-reduce-salt-in-your-diet-video-guide-1074","Many of us have too much of it in our diet, and it's putting us at risk. The good news: There are ways to add flavor without reaching for the salt shaker.","FXMed Team","Nutrition & Healthy Eating","5 min read","draft","","",""
"Cruciferous finds at the farmers market [Video Guide]","cruciferous-finds-at-the-farmers-market-video-guide-1075","Sweet berries and juicy tomatoes are safe bets at your local farmers markets. But some of the lesser known, odd-looking vegetables are equally nutritious and can be just as delicious.","FXMed Team","General Wellness","5 min read","draft","","",""
"The benefits of beets [Video Guide]","the-benefits-of-beets-video-guide-1076","As root vegetables go, potatoes and carrots are the safe picks at the farmers market. But don't overlook the beets. Those colorful bulbs are full of nutrients, and preparing them may be easier than you think.","FXMed Team","General Wellness","5 min read","draft","","",""
"Why do onions make you cry? [Video Guide]","why-do-onions-make-you-cry-video-guide-1077","Cut up an onion, and you'll likely cry a few tears. It's the result of a chemical reaction you start with the first slice of the knife. Here's how to cope.","FXMed Team","General Wellness","5 min read","draft","","",""
"Figuring out fermented foods [Video Guide]","figuring-out-fermented-foods-video-guide-1078","You may have heard that fermented foods are good for your health. Dr. Joseph Murray warns that there are pros and cons with taking these products.","FXMed Team","Nutrition & Healthy Eating","5 min read","draft","","",""
"The truth about gluten [Video Guide]","the-truth-about-gluten-video-guide-1079","Mayo Clinic experts agree that people with celiac disease shouldn't eat gluten. But is it useful for people without celiac disease to go gluten-free?","FXMed Team","General Wellness","5 min read","draft","","",""
"3 s's to limit in your diet [Video Guide]","3-ss-to-limit-in-your-diet-video-guide-1080","Use the nutrition facts label to eat healthier by focusing on limiting three nutrients: saturated fat, sodium and sugars.","FXMed Team","Nutrition & Healthy Eating","5 min read","draft","","",""
"An inside look at eggs [Video Guide]","an-inside-look-at-eggs-video-guide-1081","Should eggs be a part of your diet? The answer depends on your health.","FXMed Team","Nutrition & Healthy Eating","5 min read","draft","","",""
"Do you get enough of these 4 nutrients? [Video Guide]","do-you-get-enough-of-these-4-nutrients-video-guide-1082","Calcium, potassium, iron and vitamin D all help to build a better body. Discover why these nutrients are important and discover ways to incorporate them into your diet.","FXMed Team","Nutrition & Healthy Eating","5 min read","draft","","",""
"Get smart about smoothies [Video Guide]","get-smart-about-smoothies-video-guide-1083","Smoothies can be a nutritious addition to your diet. However, they also can add a lot of unforeseen calories, especially when a smoothie is simply a beverage with a meal.","FXMed Team","Nutrition & Healthy Eating","5 min read","draft","","",""
"The importance of dietary fiber [Video Guide]","the-importance-of-dietary-fiber-video-guide-1084","Foods containing fiber assist you with in important ways, including keeping your digestive tract functioning properly. A high-fiber diet also can reduce the risk of heart disease, diabetes and obesity. But how much fiber do you need and what ways can you get it?","FXMed Team","Weight Management","5 min read","draft","","",""
"How much water should you drink? [Video Guide]","how-much-water-should-you-drink-video-guide-1085","Drinking water is essential to good health. However, drinking too much water causes low sodium levels and can result in a condition called hyponatremia.","FXMed Team","General Wellness","5 min read","draft","","",""
"Make time for family meals [Video Guide]","make-time-for-family-meals-video-guide-1086","School routines can fill calendars with homework and after-class activities. Though it may be tempting to skip family dinners, that time around the table can offer some of the most important lessons of the day.","FXMed Team","Nutrition & Healthy Eating","5 min read","draft","","",""
"Take the sugar challenge [Video Guide]","take-the-sugar-challenge-video-guide-1087","Americans are eating and drinking too much added sugars, which, according to the Centers for Disease Control and Prevention, can lead to health problems, such as weight gain and obesity, Type 2 diabetes and heart disease. Try these tips for changing your sugary ways.","FXMed Team","Weight Management","5 min read","draft","","",""
"The artificial sweeteners debate [Video Guide]","the-artificial-sweeteners-debate-video-guide-1088","Artificial sweeteners are the subject of increasing research and debate. They are regulated by the U.S. Food and Drug Administration and deemed safe for use, but it's important to know all sides of the artificial sweetener story and what's right for you.","FXMed Team","Nutrition & Healthy Eating","5 min read","draft","","",""
"The cautions and benefits of honey [Video Guide]","the-cautions-and-benefits-of-honey-video-guide-1089","Does substituting honey for sugar make for a healthier diet? The answer depends on how much of the sticky sweetener you include in your day.","FXMed Team","Nutrition & Healthy Eating","5 min read","draft","","",""
"Why carrots should be in your crisper [Video Guide]","why-carrots-should-be-in-your-crisper-video-guide-1090","The main selling point for carrots has been how they protect eyesight. But here are many other reasons why this root vegetable should be a regular part of your diet.","FXMed Team","Nutrition & Healthy Eating","5 min read","draft","","",""
"Why nutrient-dense foods are good for you [Video Guide]","why-nutrient-dense-foods-are-good-for-you-video-guide-1091","In the recipe to living a healthier life, nutrient-dense foods are a key ingredient. They're packed with benefits, keep you full longer and are often low in calories. Discover what you get and what to watch out for when adding nutrient-dense foods to your meals.","FXMed Team","Nutrition & Healthy Eating","5 min read","draft","","",""
"How multitasking hurts your relationships [Video Guide]","how-multitasking-hurts-your-relationships-video-guide-1092","While multitasking makes it easier to get to the end of your to-do list, doing it habitually can come with a cost. Discover when and where it's appropriate.","FXMed Team","Healthy Habits","5 min read","draft","","",""
"Integrative medicine and pain [Video Guide]","integrative-medicine-and-pain-video-guide-1093","Alternative therapies such as acupuncture, meditation or yoga can be effective pain relievers for some people.","FXMed Team","Pain Management","5 min read","draft","","",""
"How to keep your mind sharp [Video Guide]","how-to-keep-your-mind-sharp-video-guide-1094","Many people forget where they put the car keys now and then. Forgetfulness can be a normal part of aging. But, sometimes, memory issues signal a more serious problem, such as Alzheimer's disease or other forms of dementia. Use these to help keep your memory sharp.","FXMed Team","Senior Health","5 min read","draft","","",""
"Do pets help you live longer? [Video Guide]","do-pets-help-you-live-longer-video-guide-1095","Does owning a pet help reduce your risk of stroke and other cardiovascular events? A recent study suggests the answer is yes.","FXMed Team","Exercise & Fitness","5 min read","draft","","",""
"Pets, not pills [Video Guide]","pets-not-pills-video-guide-1096","People love to have pets. Experts at Mayo Clinic say that's a good thing, because pets can help make your life happier and healthier.","FXMed Team","General Wellness","5 min read","draft","","",""
"Optimism improves women's health [Video Guide]","optimism-improves-womens-health-video-guide-1097","Women may live longer if they are optimistic.","FXMed Team","Women's Health","5 min read","draft","","",""
"Can brain games help alzheimer's patients? [Video Guide]","can-brain-games-help-alzheimers-patients-video-guide-1098","There is evidence that engaging in mental, physical and social activity may play a role in keeping your brain sharp.","FXMed Team","Senior Health","5 min read","draft","","",""
"Does texting change brainwaves? [Video Guide]","does-texting-change-brainwaves-video-guide-1099","Mayo Clinic researchers found that texting and driving causes more than just a lapse in attention. It actually changes your brainwaves.","FXMed Team","General Wellness","5 min read","draft","","",""
"Do you need a nap? [Video Guide]","do-you-need-a-nap-video-guide-1100","If your night was restless or the day is hectic, a nap is a welcome break. However, naps, especially longer ones, have drawbacks.","FXMed Team","General Wellness","5 min read","draft","","",""
"Sleep challenges for women [Video Guide]","sleep-challenges-for-women-video-guide-1101","Women are more likely than men to have difficulty falling and staying asleep. Try these tips to create a better night's sleep.","FXMed Team","Mental Health & Stress","5 min read","draft","","",""
"Let the dogs sleep [Video Guide]","let-the-dogs-sleep-video-guide-1102","When it comes to your pooch and your bed, the verdict is in. Sleeping with your dog in the bedroom -; but not in your bed -; may not disrupt sleep.","FXMed Team","Mental Health & Stress","5 min read","draft","","",""
"Sleep and alzheimer's disease connection [Video Guide]","sleep-and-alzheimers-disease-connection-video-guide-1103","Prolonged lack of sleep could raise your risk of many health issues, including Alzheimer's disease.","FXMed Team","Mental Health & Stress","5 min read","draft","","",""
"Is melatonin the right sleep aid for me? [Video Guide]","is-melatonin-the-right-sleep-aid-for-me-video-guide-1104","Understand what melatonin actually does for the body, and when it's appropriate to use to improve sleep.","FXMed Team","Mental Health & Stress","5 min read","draft","","",""
"How to help overweight kids get healthier [Video Guide]","how-to-help-overweight-kids-get-healthier-video-guide-1105","One of the best strategies for reducing childhood obesity is to improve the eating and exercise habits of your entire family.","FXMed Team","Weight Management","5 min read","draft","","",""
"Are you drinking empty calories [Video Guide]","are-you-drinking-empty-calories-video-guide-1106","Not all calories are created equal, and some aren't doing you any good. They're called empty calories. These calories lack beneficial nutrients and can thwart your efforts to improve health and shed pounds.","FXMed Team","Weight Management","5 min read","draft","","",""
"How vacations make you gain weight [Video Guide]","how-vacations-make-you-gain-weight-video-guide-1107","Research shows vacations can make you gain weight. Use these tips to steer clear of weight gain while on vacation.","FXMed Team","General Wellness","5 min read","draft","","",""
"Ditch your resolutions day? no way. [Video Guide]","ditch-your-resolutions-day-no-way-video-guide-1108","Why is it so hard to keep New Year's resolutions? Mayo experts say one reason may be that people make drastic changes that are too difficult to maintain.","FXMed Team","General Wellness","5 min read","draft","","",""
"The mayo clinic diet new tools [Video Guide]","the-mayo-clinic-diet-new-tools-video-guide-1109","The Mayo Clinic Diet makes it possible to eat well and weigh less by breaking bad habits and adopting healthy new ones. And there's no calorie counting.","FXMed Team","Nutrition & Healthy Eating","5 min read","draft","","",""
"Mediterranean diet fast facts [Video Guide]","mediterranean-diet-fast-facts-video-guide-1110","The Mediterranean diet is billed as a heart-friendly plan to improve health and prevent disease. But it's more than just a list of dishes.","FXMed Team","Nutrition & Healthy Eating","5 min read","draft","","",""
"The downsides of sugary drinks [Video Guide]","the-downsides-of-sugary-drinks-video-guide-1111","There is a surprising amount of sugar in an average soda, creating immediate and long-term consequences.","FXMed Team","Nutrition & Healthy Eating","5 min read","draft","","",""
"Curbing cravings [Video Guide]","curbing-cravings-video-guide-1112","A healthy eating plan should include a way to deal with food cravings. Try these tips.","FXMed Team","Nutrition & Healthy Eating","5 min read","draft","","",""
"Women and midlife weight gain [Video Guide]","women-and-midlife-weight-gain-video-guide-1113","When a woman reaches midlife, things change. One often-dreaded issue is the tendency to put on weight around the waistline. Mayo Clinic experts say, after menopause, weight can creep up on women, because of changes associated with menopause. But they also say you can beat menopause-associated weight gain with diet and exercise.","FXMed Team","Nutrition & Healthy Eating","5 min read","draft","","",""
"The problem with bmi [Video Guide]","the-problem-with-bmi-video-guide-1114","Body mass index (BMI) was once the standard for calculating obesity. But here's a better way to calculate body fat risks.","FXMed Team","Weight Management","5 min read","draft","","",""
"Why skinny doesn't always mean heart-healthy [Video Guide]","why-skinny-doesnt-always-mean-heart-healthy-video-guide-1115","People can be skinny but still fat in the inside. A condition called normal-weight obesity puts a thin-looking person at risk for the same health problems faced by someone who is obese.","FXMed Team","Weight Management","5 min read","draft","","",""
"Don't wait on losing weight [Video Guide]","dont-wait-on-losing-weight-video-guide-1116","Avoiding incremental weight gain may involve a new way to look at weight and real-life strategies, like simply changing how often you step on the scale.","FXMed Team","General Wellness","5 min read","draft","","",""
"Why your body's not geared for late-night snacks [Video Guide]","why-your-bodys-not-geared-for-late-night-snacks-video-guide-1117","Beyond the extra calories, late-night snacking can interrupt an essential function of the digestive system. Understand what happens in your gut while you sleep and why that last snack of the day can be a problem.","FXMed Team","Mental Health & Stress","5 min read","draft","","",""
"Lose weight with a food diary [Video Guide]","lose-weight-with-a-food-diary-video-guide-1118","Logging what and how much you eat can reveal forgotten calories and hidden patterns that may be thwarting your work to trim extra pounds.","FXMed Team","Nutrition & Healthy Eating","5 min read","draft","","",""
"Obesogenic world [Video Guide]","obesogenic-world-video-guide-1119","Obesogenic is used to describe an environment that promotes weight gain. Try these tips to transform an obesogenic environment into a healthier one.","FXMed Team","General Wellness","5 min read","draft","","",""
"The problem with fad diets [Video Guide]","the-problem-with-fad-diets-video-guide-1120","Many people try fad diets to jump-start the weight-reduction process and drop pounds quickly, but fad diets are not the best way to shed pounds.","FXMed Team","Weight Management","5 min read","draft","","",""
"A new approach to cutting calories [Video Guide]","a-new-approach-to-cutting-calories-video-guide-1121","If you've tried and failed to shed pounds by completely removing certain foods from your diet, here's a new idea: Change your amounts, not your menus.","FXMed Team","Weight Management","5 min read","draft","","",""
"What's the best way to protect kids from skin cancer? [Video Guide]","whats-the-best-way-to-protect-kids-from-skin-cancer-video-guide-1122","On a sunny day, you want to see the kids outside and active. Here's how to keep them protected from skin cancer at the same time.","FXMed Team","Chronic Conditions","5 min read","draft","","",""
"What's the best diet strategy to prevent colon cancer? [Video Guide]","whats-the-best-diet-strategy-to-prevent-colon-cancer-video-guide-1123","Worried about your risk of colon cancer? Let your food be preventive medicine with these diet tips from Mayo's experts in cancer care.","FXMed Team","Nutrition & Healthy Eating","5 min read","draft","","",""
"How to keep your desk chair from killing you [Video Guide]","how-to-keep-your-desk-chair-from-killing-you-video-guide-1124","Too much sitting ups your heart disease risks. Here's how to stay healthy at your desk.","FXMed Team","Chronic Conditions","5 min read","draft","","",""
"How to sleep better with congestive heart failure [Video Guide]","how-to-sleep-better-with-congestive-heart-failure-video-guide-1125","You know that getting your rest assists you with feel better. Discover sleep tips for CHF from the experts.","FXMed Team","Mental Health & Stress","5 min read","draft","","",""
"Want to make date night great for your heart? [Video Guide]","want-to-make-date-night-great-for-your-heart-video-guide-1126","Challenge: Can you plan a date that'll make your special someone AND your cardiologist happy? Mayo experts think you're up to it.","FXMed Team","Exercise & Fitness","5 min read","draft","","",""
"A mini sick-day checklist for people with diabetes [Video Guide]","a-mini-sick-day-checklist-for-people-with-diabetes-video-guide-1127","Prepping for flu season is extra important when you have diabetes. Do you know the best way to take care of yourself on a sick-day? Follow this checklist.","FXMed Team","Chronic Conditions","5 min read","draft","","",""
"3 nuts to add in for diabetes nutrition [Video Guide]","3-nuts-to-add-in-for-diabetes-nutrition-video-guide-1128","Want some new protein staples in your diet? Here are the nuts that can add nutrition and boost your health when you have diabetes.","FXMed Team","Nutrition & Healthy Eating","5 min read","draft","","",""
"Want to eat fewer calories at your next power lunch? [Video Guide]","want-to-eat-fewer-calories-at-your-next-power-lunch-video-guide-1129","It's easy to overeat at a lunch-hour outing, especially when the pressure's on. Want to be satisfied instead of stuffed? Try these calorie-cutting tips.","FXMed Team","General Wellness","5 min read","draft","","",""
"How you can use lunchtime to boost productivity [Video Guide]","how-you-can-use-lunchtime-to-boost-productivity-video-guide-1130","Speeding through lunch to keep working? There's a better way to get a productivity boost over the noon hour. Watch for expert tips.","FXMed Team","General Wellness","5 min read","draft","","",""
"Want a more memorable vacation? [Video Guide]","want-a-more-memorable-vacation-video-guide-1131","Make your next getaway as healthy as possible with these expert tips.","FXMed Team","General Wellness","5 min read","draft","","",""
"Road warriors: what to pack to stay fit [Video Guide]","road-warriors-what-to-pack-to-stay-fit-video-guide-1132","Bring these 3 items to get your exercise when you're on the road.","FXMed Team","Exercise & Fitness","5 min read","draft","","",""
"How to make volunteering a win-win [Video Guide]","how-to-make-volunteering-a-win-win-video-guide-1133","You want to give back, but the options are overwhelming. Follow these steps to find a volunteer gig that helps both you and the cause.","FXMed Team","General Wellness","5 min read","draft","","",""
"4 ways leaders fight job stress [Video Guide]","4-ways-leaders-fight-job-stress-video-guide-1134","Beating stress to keep you at the top of your game is the goal. Let Mayo Clinic experts help.","FXMed Team","Mental Health & Stress","5 min read","draft","","",""
"Don't just walk. do it better. [Video Guide]","dont-just-walk-do-it-better-video-guide-1135","Take your daily walk to the next level with these expert tips.","FXMed Team","General Wellness","5 min read","draft","","",""
"Wishing you could be a morning exerciser? [Video Guide]","wishing-you-could-be-a-morning-exerciser-video-guide-1136","If catching the sunrise isn't your norm, try these tips for getting your workout in the morning anyway.","FXMed Team","Exercise & Fitness","5 min read","draft","","",""
"How to rock your next trip to the farmers market [Video Guide]","how-to-rock-your-next-trip-to-the-farmers-market-video-guide-1137","The farmers market: It's where all the cool kids shop these days. Pick up the tops tips to get the most out of your trip.","FXMed Team","General Wellness","5 min read","draft","","",""
"Small steps for a day-changing morning [Video Guide]","small-steps-for-a-day-changing-morning-video-guide-1138","Heard about the power of a good morning routine? Discover simple tips to set your day up for success, even if you're not a morning person.","FXMed Team","General Wellness","5 min read","draft","","",""
"3 tips for not acting your age [Video Guide]","3-tips-for-not-acting-your-age-video-guide-1139","Your brain needs to be worked out, too. Discover Mayo experts' top suggestions for a nimble mind at any age.","FXMed Team","General Wellness","5 min read","draft","","",""
"How do you get a picky eater to eat? [Video Guide]","how-do-you-get-a-picky-eater-to-eat-video-guide-1140","Picky eater arguments at the dinner table might be getting old. See what strategies are backed by research.","FXMed Team","General Wellness","5 min read","draft","","",""
"How to break up with your social network at bedtime [Video Guide]","how-to-break-up-with-your-social-network-at-bedtime-video-guide-1141","Can't stop scrolling before bed? Discover how to break that social media habit for better sleep.","FXMed Team","Mental Health & Stress","5 min read","draft","","",""
"3 ways to protect your knees for the basketball court [Video Guide]","3-ways-to-protect-your-knees-for-the-basketball-court-video-guide-1142","Want to stay healthy on the basketball court? Discover the best strategies for keeping your knees feeling good.","FXMed Team","General Wellness","5 min read","draft","","",""
"3 essential tips for your first sprint triathlon [Video Guide]","3-essential-tips-for-your-first-sprint-triathlon-video-guide-1143","Feeling unsure about your triathlon training? Up your game with tips from Mayo Clinic experts.","FXMed Team","Exercise & Fitness","5 min read","draft","","",""
"3 steps to improve your golf swing [Video Guide]","3-steps-to-improve-your-golf-swing-video-guide-1144","Get to the top of your golf game with these tips from Mayo Clinic experts.","FXMed Team","General Wellness","5 min read","draft","","",""
"Help your young athlete heal after concussion [Video Guide]","help-your-young-athlete-heal-after-concussion-video-guide-1145","Watch to discover what the experts recommend for a young athlete healing from a concussion.","FXMed Team","General Wellness","5 min read","draft","","",""
"What's the best strategy to relieve heel pain? [Video Guide]","whats-the-best-strategy-to-relieve-heel-pain-video-guide-1146","Heel pain keeping you off your feet? Follow these steps that you can do from home.","FXMed Team","Pain Management","5 min read","draft","","",""
"What's the best way to improve your running time? [Video Guide]","whats-the-best-way-to-improve-your-running-time-video-guide-1147","Feel like you haven't reached your running potential? Try these strategies for more speed.","FXMed Team","Pain Management","5 min read","draft","","",""
"What's a good snacking strategy for weight loss? [Video Guide]","whats-a-good-snacking-strategy-for-weight-loss-video-guide-1148","Let's face it: You get hungry between meals sometimes. When the snack urge hits, try these tips to reach your weight-reduction goals.","FXMed Team","Weight Management","5 min read","draft","","",""
"Tai chi helps prevent falls [Video Guide]","tai-chi-helps-prevent-falls-video-guide-1149","Exercise is important for everyday health, but tai chi exercise in particular helps prevent falls and broken bones in seniors.","FXMed Team","Exercise & Fitness","5 min read","draft","","",""
"Lose weight by just standing [Video Guide]","lose-weight-by-just-standing-video-guide-1150","In a busy world where eating healthier and exercising regularly are often easier said than done, the key to losing weight may simply be standing in place.","FXMed Team","Nutrition & Healthy Eating","5 min read","draft","","",""
"Make protecting yourself from injury child's play [Video Guide]","make-protecting-yourself-from-injury-childs-play-video-guide-1151","As we age, most people slow down a bit to protect themselves from injury. Turns out, that may be the opposite of what they should do.","FXMed Team","General Wellness","5 min read","draft","","",""
"3 tips to reduce food waste [Video Guide]","3-tips-to-reduce-food-waste-video-guide-1152","Americans threw away roughly 90 billion pounds of food last year. All that waste hits the pocketbook hard. Use these three tips to cut down on food waste.","FXMed Team","Nutrition & Healthy Eating","5 min read","draft","","",""
"Eating for a healthy colon [Video Guide]","eating-for-a-healthy-colon-video-guide-1153","According to the Centers for Disease Control and Prevention, colorectal cancer is the second-leading cause of death in cancers that affect men and women. The colon is the final part of your digestive tract. The food you eat is an important factor in the health of your colon.","FXMed Team","Nutrition & Healthy Eating","5 min read","draft","","",""
"How much calcium do you need? [Video Guide]","how-much-calcium-do-you-need-video-guide-1154","Getting the right amount of calcium every day is important for keeping your bones healthy throughout your life. But what is the right amount? And when should you consider taking a calcium supplement?","FXMed Team","General Wellness","5 min read","draft","","",""
"How to eat healthy while on the run [Video Guide]","how-to-eat-healthy-while-on-the-run-video-guide-1155","In today's fast-paced world, sitting down for a healthy family meal isn't always an option. But eating while traveling doesn't have to mean unhealthy eating.","FXMed Team","Nutrition & Healthy Eating","5 min read","draft","","",""
"The difference between micronutrients and macronutrients [Video Guide]","the-difference-between-micronutrients-and-macronutrients-video-guide-1156","Ever wondered what the difference is between micronutrients and macronutrients? Have you even heard of micronutrients and macronutrients? Both terms are essentially categories to classify foods to assist you with keep track of what you eat.","FXMed Team","Nutrition & Healthy Eating","5 min read","draft","","",""
"What are ultraprocessed foods [Video Guide]","what-are-ultraprocessed-foods-video-guide-1157","Americans are constantly while traveling. And their diets are suffering because of it, as they're sacrificing nutrition for convenience. Ultraprocessed foods often become the go-to diet for families on the run. But what is an ultraprocessed food?","FXMed Team","Nutrition & Healthy Eating","5 min read","draft","","",""
"Which sugars won't pack on pounds [Video Guide]","which-sugars-wont-pack-on-pounds-video-guide-1158","Make sure you're picking the right sweets with the right kind of sugars to steer clear of gaining weight.","FXMed Team","General Wellness","5 min read","draft","","",""
"Why breakfast may be key to trimming your belly [Video Guide]","why-breakfast-may-be-key-to-trimming-your-belly-video-guide-1159","If you're wanting to lose pounds and your belly, research shows that breakfast may be your best friend.","FXMed Team","General Wellness","5 min read","draft","","",""
"3 tips for kids to get better sleep [Video Guide]","3-tips-for-kids-to-get-better-sleep-video-guide-1160","Poor sleep quality is a factor in the increasing rate of childhood obesity in the U.S. That's according to a recent study presented at a special conference on obesity and cancer by the American Association for Cancer Research. So what is the correct sleep duration for kids and how do you help them get a better night's sleep?","FXMed Team","Mental Health & Stress","5 min read","draft","","",""
"Daytime sleepiness linked to alzheimer's [Video Guide]","daytime-sleepiness-linked-to-alzheimers-video-guide-1161","Do you catch yourself yawning during the day and yearning for an afternoon nap? You could be at more risk for Alzheimer's disease. A recent study published in JAMA Neurology found a potential link between excessive daytime sleepiness and the memory loss disease. Researchers took a look at imaging scans of the brains of several hundred patients from the Mayo Clinic Study of Aging.","FXMed Team","Mental Health & Stress","5 min read","draft","","",""
"How losing an hour of sleep can affect your health [Video Guide]","how-losing-an-hour-of-sleep-can-affect-your-health-video-guide-1162","Before daylight saving time kicks in, help your body adjust to losing an hour of sleep.","FXMed Team","Mental Health & Stress","5 min read","draft","","",""
"5 signs your teenager is battling depression [Video Guide]","5-signs-your-teenager-is-battling-depression-video-guide-1163","Teens can be moody. But research shows that ongoing moodiness and other symptoms may be signs of depression.","FXMed Team","Mental Health & Stress","5 min read","draft","","",""
"The key to happiness in 2 simple formulas [Video Guide]","the-key-to-happiness-in-2-simple-formulas-video-guide-1164","Two simple formulas can help lead you to happiness.","FXMed Team","General Wellness","5 min read","draft","","",""
"Why social media is a bad place to measure your self-worth [Video Guide]","why-social-media-is-a-bad-place-to-measure-your-self-worth-video-guide-1165","Social media can be a wonderful communication tool. However, most people don't post negative things, and we end up comparing our worst with other people's best -; which is misleading.","FXMed Team","General Wellness","5 min read","draft","","",""
"Is vaping a gateway to smoking? [Video Guide]","is-vaping-a-gateway-to-smoking-video-guide-1166","An annual survey by the Minnesota Department of Health recently revealed that 1 in 5 high school students use e-cigarettes. The survey also showed youth tobacco use is rising for the first time in 17 years. Are the two connected?","FXMed Team","Smoking Cessation","5 min read","draft","","",""
"3 tips on what to do if your child is addicted to gaming [Video Guide]","3-tips-on-what-to-do-if-your-child-is-addicted-to-gaming-video-guide-1167","Gaming addiction is now considered a mental health disorder. Look for signs of addiction in your child and use these tips to help break the gaming addiction.","FXMed Team","Mental Health & Stress","5 min read","draft","","",""
"5 signs your teen might have an eating disorder [Video Guide]","5-signs-your-teen-might-have-an-eating-disorder-video-guide-1168","A Mayo Clinic child psychologist who specializes in treating eating disorders breaks down five signs your teen might have an eating disorder.","FXMed Team","Nutrition & Healthy Eating","5 min read","draft","","",""
"After school snack ideas [Video Guide]","after-school-snack-ideas-video-guide-1169","Three tips to ensure the food your kids grab as they come in the door is healthy.","FXMed Team","Nutrition & Healthy Eating","5 min read","draft","","",""
"Are there health benefits to taking turmeric? [Video Guide]","are-there-health-benefits-to-taking-turmeric-video-guide-1170","Curcumin or turmeric has anti-inflammatory properties that have been associated with a positive effect on various diseases.","FXMed Team","General Wellness","5 min read","draft","","",""
"Breaking down types of eating disorders [Video Guide]","breaking-down-types-of-eating-disorders-video-guide-1171","A Mayo Clinic child psychologist describes behaviors of common eating disorders.","FXMed Team","Nutrition & Healthy Eating","5 min read","draft","","",""
"Fueling for school [Video Guide]","fueling-for-school-video-guide-1172","A healthy breakfast helps improve a student's mood and level of concentration.","FXMed Team","Mental Health & Stress","5 min read","draft","","",""
"How to deal with extreme picky eating in kids [Video Guide]","how-to-deal-with-extreme-picky-eating-in-kids-video-guide-1173","Is your child just a really picky eater? Or is it a sign of an eating disorder?","FXMed Team","Nutrition & Healthy Eating","5 min read","draft","","",""
"What to do if your teen has an eating disorder [Video Guide]","what-to-do-if-your-teen-has-an-eating-disorder-video-guide-1174","1 in 5 teens with severe eating disorders will die - mostly from suicide. Even mild disorders can lead to mental and physical distress.","FXMed Team","Mental Health & Stress","5 min read","draft","","",""
"Are women with hot flashes at risk of sleep apnea? [Video Guide]","are-women-with-hot-flashes-at-risk-of-sleep-apnea-video-guide-1175","Menopausal symptoms can be annoying, but did you ever think they could be life-threatening? A Mayo Clinic study found some common menopausal symptoms may be linked to obstructive sleep apnea.","FXMed Team","Mental Health & Stress","5 min read","draft","","",""
"Coconut oil – perfect, poison or somewhere in between? [Video Guide]","coconut-oil-perfect-poison-or-somewhere-in-between-video-guide-1176","If you search for information about coconut oil online, you'll see it's one of the best things you can put in your body. Or one of the worst. Discover if coconut oil right for you.","FXMed Team","General Wellness","5 min read","draft","","",""
"Get the facts on type 2 diabetes [Video Guide]","get-the-facts-on-type-2-diabetes-video-guide-1177","Type 2 diabetes is on the rise. Lifestyle choices, such as eating right, exercising and losing weight, can help prevent and even manage the chronic condition. But unhealthy choices can be dangerous, especially if you have a predisposition for the disease.","FXMed Team","Nutrition & Healthy Eating","5 min read","draft","","",""
"Heart-healthier choices at fast-food restaurants [Video Guide]","heart-healthier-choices-at-fast-food-restaurants-video-guide-1178","More than 36 percent of American adults consume fast food on a given day. But eating for convenience doesn't mean you have to sacrifice nutrition if you make the right dining decisions.","FXMed Team","Nutrition & Healthy Eating","5 min read","draft","","",""
"How much screen time is too much for kids? [Video Guide]","how-much-screen-time-is-too-much-for-kids-video-guide-1179","For some parents and caregivers, limiting their kids' screen time isn't easy. Even though toddlers through teens may want to spend chunks of their day in front of a screen, too much screen time is not healthy.","FXMed Team","General Wellness","5 min read","draft","","",""
"Lack of sleep worsens health issues [Video Guide]","lack-of-sleep-worsens-health-issues-video-guide-1180","According to a Mayo Clinic cardiologist and sleep specialist, not getting enough sleep can negatively affect your health.","FXMed Team","Mental Health & Stress","5 min read","draft","","",""
"How to get calcium without dairy products [Video Guide]","how-to-get-calcium-without-dairy-products-video-guide-1181","There are nondairy options to get calcium in your diet. And some of them might surprise you.","FXMed Team","Nutrition & Healthy Eating","5 min read","draft","","",""
"Signs of a sleep disorder [Video Guide]","signs-of-a-sleep-disorder-video-guide-1182","Research shows proper sleep is essential for good health. Some symptoms of a sleep disorder include daytime sleepiness, irritability, obesity, erectile dysfunction, depression and certain heart-related conditions.","FXMed Team","Mental Health & Stress","5 min read","draft","","",""
"The perks of pumpkin in your diet [Video Guide]","the-perks-of-pumpkin-in-your-diet-video-guide-1183","Pumpkin is more than just flavoring for your coffee. Pumpkin offers a great amount of vitamins and nutrients.","FXMed Team","Nutrition & Healthy Eating","5 min read","draft","","",""
"What are your kids drinking? [Video Guide]","what-are-your-kids-drinking-video-guide-1184","Not all children in the U.S. are drinking healthy beverages. But the number of kids who are making healthy choices might surprise you.","FXMed Team","General Wellness","5 min read","draft","","",""
"What is the 'microbiome,' and how does it affect your weight? [Video Guide]","what-is-the-microbiome-and-how-does-it-affect-your-weight-video-guide-1185","The bacteria inside your gut are specific to you and play an important role in keeping you healthy.","FXMed Team","Digestive Health","5 min read","draft","","",""
"What you need to know about copd [Video Guide]","what-you-need-to-know-about-copd-video-guide-1186","If you know someone who smokes, you probably know someone with COPD. Shortness of breath is the most common symptom, along with cough and sputum production.","FXMed Team","General Wellness","5 min read","draft","","",""
"Which foods are best for keeping you full? [Video Guide]","which-foods-are-best-for-keeping-you-full-video-guide-1187","Eating foods that can keep you full have a big effect on your health and your weight.","FXMed Team","Nutrition & Healthy Eating","5 min read","draft","","",""
"Why a racquet and some friends may be the key to a longer life [Video Guide]","why-a-racquet-and-some-friends-may-be-the-key-to-a-longer-life-video-guide-1188","A recent study shows people who play social sports like tennis or soccer tend to live longer than those who participate in individual sports like swimming or running.","FXMed Team","General Wellness","5 min read","draft","","",""
"Why kids need to play [Video Guide]","why-kids-need-to-play-video-guide-1189","Unstructured play allows for proper development and relieves toxic stress.","FXMed Team","Mental Health & Stress","5 min read","draft","","",""
"Why southern food is linked to high blood pressure [Video Guide]","why-southern-food-is-linked-to-high-blood-pressure-video-guide-1190","Forty-one percent of African-Americans can have high blood pressure, compared with 27 percent of their white counterparts or Caucasians. Studies show that a traditional South diet is the cause.","FXMed Team","Nutrition & Healthy Eating","5 min read","draft","","",""
"Why the keto diet is more hype than help for most people [Video Guide]","why-the-keto-diet-is-more-hype-than-help-for-most-people-video-guide-1191","The keto diet may assist you with drop weight. The problem is what happens after most people lose the initial weight.","FXMed Team","Nutrition & Healthy Eating","5 min read","draft","","",""
"How to tell if your teen is moody versus depressed [Video Guide]","how-to-tell-if-your-teen-is-moody-versus-depressed-video-guide-1192","Tips to determine if your teen is depressed.","FXMed Team","Mental Health & Stress","5 min read","draft","","",""
"3 tips to keep the holidays from being depressing [Video Guide]","3-tips-to-keep-the-holidays-from-being-depressing-video-guide-1193","A Mayo Clinic counselor has some tips to take back your holiday happiness.","FXMed Team","General Wellness","5 min read","draft","","",""
"3 tips to reduce holiday stress [Video Guide]","3-tips-to-reduce-holiday-stress-video-guide-1194","A Mayo Clinic neuropsychologist offers three tips to help deal with holiday stress so you can concentrate on what's most important.","FXMed Team","Mental Health & Stress","5 min read","draft","","",""
"Flaxseed – tiny seed, nutritional powerhouse [Video Guide]","flaxseed-tiny-seed-nutritional-powerhouse-video-guide-1195","One way to lower your cholesterol is to add a daily dose of a tiny seed with a lot of nutritional power to your diet.","FXMed Team","Nutrition & Healthy Eating","5 min read","draft","","",""
"Tips on how to make healthier pancakes [Video Guide]","tips-on-how-to-make-healthier-pancakes-video-guide-1196","An executive chef with the Mayo Clinic Healthy Living Program shows step by step how to use flaxseed to make a healthier version of banana pancakes.","FXMed Team","General Wellness","5 min read","draft","","",""
"Why the 'bulletproof coffee' trend isn't a magic bullet [Video Guide]","why-the-bulletproof-coffee-trend-isnt-a-magic-bullet-video-guide-1197","Blending butter, coconut oil and coffee together is called ""butter coffee"" or ""bulletproof coffee."" But the trend has some holes in it.","FXMed Team","General Wellness","5 min read","draft","","",""
"3 tips to ditch junk food for a healthier diet [Video Guide]","3-tips-to-ditch-junk-food-for-a-healthier-diet-video-guide-1198","Making changes in your dietary behaviors can assist you with switch from consuming highly processed junk food to healthier whole foods.","FXMed Team","Nutrition & Healthy Eating","5 min read","draft","","",""
"New fitness guidelines for the new year [Video Guide]","new-fitness-guidelines-for-the-new-year-video-guide-1199","The Department of Health and Human Services recently released new guidelines for physical activity.","FXMed Team","Exercise & Fitness","5 min read","draft","","",""
"Signs that stress is becoming toxic [Video Guide]","signs-that-stress-is-becoming-toxic-video-guide-1200","Small amounts of stress can motivate you to face daily challenges. But when stress becomes too much to manage, it can be unhealthy.","FXMed Team","Mental Health & Stress","5 min read","draft","","",""
"What happens to your body when you're allergic to food? [Video Guide]","what-happens-to-your-body-when-youre-allergic-to-food-video-guide-1201","A Mayo Clinic pediatric allergist and immunologist explains how food allergies happen and what happens to your body when you have an allergic reaction to food.","FXMed Team","Nutrition & Healthy Eating","5 min read","draft","","",""
"What is mindfulness? [Video Guide]","what-is-mindfulness-video-guide-1202","Practicing mindfulness may help lower your stress level and make you happier.","FXMed Team","Mental Health & Stress","5 min read","draft","","",""
"What you need to know about cholesterol [Video Guide]","what-you-need-to-know-about-cholesterol-video-guide-1203","Understand what cholesterol is, why it's related to heart problems, and what you can do about it.","FXMed Team","Heart Health","5 min read","draft","","",""
"It's hard to beat the health benefits of beets [Video Guide]","its-hard-to-beat-the-health-benefits-of-beets-video-guide-1204","Beats are loaded with nutrients that benefit the heart and digestion.","FXMed Team","Digestive Health","5 min read","draft","","",""
"Mental health benefits of tidying up [Video Guide]","mental-health-benefits-of-tidying-up-video-guide-1205","Clearing out the clutter has real health benefits.","FXMed Team","Mental Health & Stress","5 min read","draft","","",""
"Sifting through flour options [Video Guide]","sifting-through-flour-options-video-guide-1206","Flour offers more variety and flavor than most people realize.","FXMed Team","General Wellness","5 min read","draft","","",""
"The diet that science shows could help you live longer [Video Guide]","the-diet-that-science-shows-could-help-you-live-longer-video-guide-1207","The Mediterranean Diet stands out for its proven ability to help people live longer.","FXMed Team","Nutrition & Healthy Eating","5 min read","draft","","",""
"Tips for a heart-healthy sandwich [Video Guide]","tips-for-a-heart-healthy-sandwich-video-guide-1208","Discover how what you pack with your lunch may help balance what you pack in your sandwich.","FXMed Team","Heart Health","5 min read","draft","","",""
"Which snacks can trick your body into being satisfied on fewer calories? [Video Guide]","which-snacks-can-trick-your-body-into-being-satisfied-on-fewer-calories-video-guide-1209","Stock up on these foods to trick your body into feeling full quicker and for a longer period of time.","FXMed Team","Nutrition & Healthy Eating","5 min read","draft","","",""
"Why cancer patients should stop smoking [Video Guide]","why-cancer-patients-should-stop-smoking-video-guide-1210","30 percent of all cancer-related deaths are due to tobacco. Kicking the habit is vital for patients with cancer.","FXMed Team","Chronic Conditions","5 min read","draft","","",""
"Why eating too many fried foods could lead to early death [Video Guide]","why-eating-too-many-fried-foods-could-lead-to-early-death-video-guide-1211","Oils that are used to fry foods cause health problems and early death.","FXMed Team","Nutrition & Healthy Eating","5 min read","draft","","",""
"A little moving goes a long way for heart health [Video Guide]","a-little-moving-goes-a-long-way-for-heart-health-video-guide-1212","Moving is good for your health. But if you just don't have time to exercise, use these tips.","FXMed Team","Exercise & Fitness","5 min read","draft","","",""
"Chia – it's not just a pet [Video Guide]","chia-its-not-just-a-pet-video-guide-1213","Chia is a seed you can eat that has some serious health benefits.","FXMed Team","General Wellness","5 min read","draft","","",""
"The benefits of being socially connected [Video Guide]","the-benefits-of-being-socially-connected-video-guide-1214","Hanging out with family and friends can be fun. Research also shows it benefits your mental and physical health.","FXMed Team","General Wellness","5 min read","draft","","",""
"Is a rise in teen depression linked to technology, social media? [Video Guide]","is-a-rise-in-teen-depression-linked-to-technology-social-media-video-guide-1215","Teens in the U.S. continue to experience increased rates of depression and anxiety, resulting in a rise of self-harm and death by suicide. Technology and social media may play a role.","FXMed Team","Mental Health & Stress","5 min read","draft","","",""
"Know the differences between adult and teen depression [Video Guide]","know-the-differences-between-adult-and-teen-depression-video-guide-1216","There are some differences in adult depression and teen depression. A mental health issue can be treated, but first it must be diagnosed.","FXMed Team","Mental Health & Stress","5 min read","draft","","",""
"Why blueberries are heart healthy [Video Guide]","why-blueberries-are-heart-healthy-video-guide-1217","Blueberries have a compound that can help lower your risk of heart disease.","FXMed Team","Chronic Conditions","5 min read","draft","","",""
"Why tennis is great for the heart and mind but rough on the wrist [Video Guide]","why-tennis-is-great-for-the-heart-and-mind-but-rough-on-the-wrist-video-guide-1218","Tennis is one of the healthiest sports you can play, but it can be quite rough on the wrists.","FXMed Team","Heart Health","5 min read","draft","","",""
"How weighted blankets may lift anxiety [Video Guide]","how-weighted-blankets-may-lift-anxiety-video-guide-1219","Wrapping up in a weighted blanket may reduce symptoms of anxiety.","FXMed Team","Mental Health & Stress","5 min read","draft","","",""
"Discover the health benefits of farro [Video Guide]","discover-the-health-benefits-of-farro-video-guide-1220","Farro is an ancient grain that resembles brown rice, and is packed with fiber, protein, vitamins, minerals and antioxidants.","FXMed Team","General Wellness","5 min read","draft","","",""
"Benefits of tending a garden [Video Guide]","benefits-of-tending-a-garden-video-guide-1221","A vegetable garden can bring more than a healthy dinner to your life.","FXMed Team","General Wellness","5 min read","draft","","",""
"3 tips for kids to get better sleep [Video Guide]","3-tips-for-kids-to-get-better-sleep-video-guide-1222","Poor sleep quality is a factor in the increasing rate of childhood obesity in the U.S. Help your kids get enough sleep with these tips.","FXMed Team","Mental Health & Stress","5 min read","draft","","",""
"Benefits of tending a garden [Video Guide]","benefits-of-tending-a-garden-video-guide-1223","A vegetable garden can bring more than a healthy dinner to your life.","FXMed Team","General Wellness","5 min read","draft","","",""
"Brain activities decrease risk of dementia [Video Guide]","brain-activities-decrease-risk-of-dementia-video-guide-1224","Taking part in two or more different mentally stimulating activities reduces the risk of mild cognitive impairment in participants 70 and older.","FXMed Team","General Wellness","5 min read","draft","","",""
"Can pushups predict your health? [Video Guide]","can-pushups-predict-your-health-video-guide-1225","Basic exercise, specifically the pushup, can be a useful tool for clinicians who want to evaluate cardiovascular disease risk in patients.","FXMed Team","Exercise & Fitness","5 min read","draft","","",""
"Complex world of carbs [Video Guide]","complex-world-of-carbs-video-guide-1226","Carbohydrates are vital for good overall health. And eating them doesn't need to be complicated, but they should be whole and complex.","FXMed Team","Nutrition & Healthy Eating","5 min read","draft","","",""
"Considerations when picking a family pet [Video Guide]","considerations-when-picking-a-family-pet-video-guide-1227","A companion animal, like a dog, cat, bird or rabbit, can offer more than love and affection. A pet can reduce loneliness, provide comfort and friendship.","FXMed Team","General Wellness","5 min read","draft","","",""
"Discover the health benefits of farro [Video Guide]","discover-the-health-benefits-of-farro-video-guide-1228","Farro is an ancient grain that resembles brown rice, and is packed with fiber, protein, vitamins, minerals and antioxidants.","FXMed Team","General Wellness","5 min read","draft","","",""
"Filtering coffee facts from fiction [Video Guide]","filtering-coffee-facts-from-fiction-video-guide-1229","For most healthy adults, there's no need to worry about pouring that second or third cup. Coffee is good for you.","FXMed Team","General Wellness","5 min read","draft","","",""
"How to handle extreme picky eating [Video Guide]","how-to-handle-extreme-picky-eating-video-guide-1230","It can be a fine line between normal child behavior and extreme pickiness. Extremely picky eating might be an eating disorder.","FXMed Team","Nutrition & Healthy Eating","5 min read","draft","","",""
"How weighted blankets may lift anxiety [Video Guide]","how-weighted-blankets-may-lift-anxiety-video-guide-1231","Wrapping up in a weighted blanket may reduce symptoms of anxiety.","FXMed Team","Mental Health & Stress","5 min read","draft","","",""
"Is cbd safe to use? [Video Guide]","is-cbd-safe-to-use-video-guide-1232","Some preclinical and clinical evidence suggests that CBD may hold promise for treating conditions like chronic pain and opioid addiction. But more research on humans is needed before health care providers can say they're helpful and safe.","FXMed Team","Nutrition & Healthy Eating","5 min read","draft","","",""
"Meal replacement reminders [Video Guide]","meal-replacement-reminders-video-guide-1233","Meal replacement shakes and products should not replace eating or consuming whole foods, especially fruits and vegetables","FXMed Team","Nutrition & Healthy Eating","5 min read","draft","","",""
"Meat myths — red vs. white [Video Guide]","meat-myths-red-vs-white-video-guide-1234","Dr. Donald Hensrud, director of the Mayo Clinic Healthy Living Program, explains whether you should opt for a steak or a piece of chicken when eating for heart health.","FXMed Team","Nutrition & Healthy Eating","5 min read","draft","","",""
"Practical tips for leftover foods [Video Guide]","practical-tips-for-leftover-foods-video-guide-1235","Follow these guidelines to maximize your leftovers and reduce your chance of foodborne illnesses.","FXMed Team","Nutrition & Healthy Eating","5 min read","draft","","",""
"Staying vital as you age [Video Guide]","staying-vital-as-you-age-video-guide-1236","While frailty is part of normal aging, there are ways to reduce your risk.","FXMed Team","Senior Health","5 min read","draft","","",""
"The trouble with fruit juice [Video Guide]","the-trouble-with-fruit-juice-video-guide-1237","In general, limit all sources of juice because they're extra calories.","FXMed Team","General Wellness","5 min read","draft","","",""
"Vaping chemicals, not water [Video Guide]","vaping-chemicals-not-water-video-guide-1238","While tobacco use remains the largest cause of preventable death and disability in the U.S., vaping concerns -; and injuries -; are on the rise.","FXMed Team","Smoking Cessation","5 min read","draft","","",""
"What are the health benefits when kids play sports? [Video Guide]","what-are-the-health-benefits-when-kids-play-sports-video-guide-1239","An important tool for keeping kids healthy is participation in youth sports, and it's not just because of the physical activity.","FXMed Team","General Wellness","5 min read","draft","","",""
"Why eating more vegetables, less meat is healthy [Video Guide]","why-eating-more-vegetables-less-meat-is-healthy-video-guide-1240","Eating a plant-based diet is better for your health, for weight, for heart disease, for cholesterol, for diabetes, for all kinds of different reasons.","FXMed Team","Nutrition & Healthy Eating","5 min read","draft","","",""
"Why excess belly fat is a health risk for women [Video Guide]","why-excess-belly-fat-is-a-health-risk-for-women-video-guide-1241","Having excess belly fat could put postmenopausal women at risk of serious health conditions. Even normal-weight women should pay attention to their waist measurement.","FXMed Team","Women's Health","5 min read","draft","","",""
"Avocado gets an 'a' for health benefits [Video Guide]","avocado-gets-an-a-for-health-benefits-video-guide-1242","Avocados are healthy because they contain mostly good fats.","FXMed Team","General Wellness","5 min read","draft","","",""
"Benefits of flash-frozen produce [Video Guide]","benefits-of-flash-frozen-produce-video-guide-1243","Produce that's flash-frozen may be healthier than the fruits and veggies sitting in your fridge.","FXMed Team","General Wellness","5 min read","draft","","",""
"Can the mind diet improve brain health? [Video Guide]","can-the-mind-diet-improve-brain-health-video-guide-1244","Discover the benefits of choosing brain-friendly foods.","FXMed Team","Nutrition & Healthy Eating","5 min read","draft","","",""
"Diet based on microbiome might improve your health [Video Guide]","diet-based-on-microbiome-might-improve-your-health-video-guide-1245","Mayo Clinic researchers are studying how the unique bacteria in your gut can determine your optimal health.","FXMed Team","Nutrition & Healthy Eating","5 min read","draft","","",""
"Does eating red meat affect heart health? [Video Guide]","does-eating-red-meat-affect-heart-health-video-guide-1246","Mayo Clinic cardiologist says that limiting red meat in your diet is important for heart health.","FXMed Team","Nutrition & Healthy Eating","5 min read","draft","","",""
"Fighting arthritis with food [Video Guide]","fighting-arthritis-with-food-video-guide-1247","What you eat may help with some of the inflammation associated with arthritis.","FXMed Team","Nutrition & Healthy Eating","5 min read","draft","","",""
"How cutting calories helps your heart [Video Guide]","how-cutting-calories-helps-your-heart-video-guide-1248","Cutting calories may help improve the heart health of many adults, even if they're not overweight.","FXMed Team","Heart Health","5 min read","draft","","",""
"How to choose a healthy fat [Video Guide]","how-to-choose-a-healthy-fat-video-guide-1249","Discover a couple of quick tips on how to discern a good fat from a bad fat.","FXMed Team","General Wellness","5 min read","draft","","",""
"Rooting for potatoes [Video Guide]","rooting-for-potatoes-video-guide-1250","Prepared in the right way, these root vegetables can be a great source of vitamins and nutrients.","FXMed Team","General Wellness","5 min read","draft","","",""
"Secondhand electronic cigarette smoke [Video Guide]","secondhand-electronic-cigarette-smoke-video-guide-1251","Exposure to secondhand smoke has been linked to lung cancer and an increased risk of sudden infant death syndrome. But what about exposure to secondhand electronic cigarette smoke?","FXMed Team","Chronic Conditions","5 min read","draft","","",""
"Are meatless burgers healthy? [Video Guide]","are-meatless-burgers-healthy-video-guide-1252","Introducing plant-based foods in your diet is a good thing. But pay attention to the ingredients.","FXMed Team","Nutrition & Healthy Eating","5 min read","draft","","",""
"Butter versus margarine — what's the healthier spread? [Video Guide]","butter-versus-margarine-whats-the-healthier-spread-video-guide-1253","When it comes to heart health, there's a difference between butter and margarine.","FXMed Team","Heart Health","5 min read","draft","","",""
"Drink to thirst [Video Guide]","drink-to-thirst-video-guide-1254","Staying hydrated during exercise is important. And a valuable term to remember is ""drink to thirst.""","FXMed Team","Exercise & Fitness","5 min read","draft","","",""
"How optimism improves your health [Video Guide]","how-optimism-improves-your-health-video-guide-1255","Research shows that people with a positive outlook on life have healthier hearts. They may also be healthier and happier in general.","FXMed Team","Heart Health","5 min read","draft","","",""
"How positivity helps your heart [Video Guide]","how-positivity-helps-your-heart-video-guide-1256","Tips on how you can become more optimistic and decrease your risk of some heart-related illnesses.","FXMed Team","Heart Health","5 min read","draft","","",""
"How to read the new nutrition facts label [Video Guide]","how-to-read-the-new-nutrition-facts-label-video-guide-1257","Key changes to the new Nutrition Facts label.","FXMed Team","Nutrition & Healthy Eating","5 min read","draft","","",""
"Look for added sugars in new nutrition facts food labels [Video Guide]","look-for-added-sugars-in-new-nutrition-facts-food-labels-video-guide-1258","The new Nutrition Facts food label requires the inclusion of added sugars.","FXMed Team","Nutrition & Healthy Eating","5 min read","draft","","",""
"Mindfulness while eating [Video Guide]","mindfulness-while-eating-video-guide-1259","Use mindfulness to steer clear of over eating.","FXMed Team","Nutrition & Healthy Eating","5 min read","draft","","",""
"Reducing injury risk in group strength endurance training classes [Video Guide]","reducing-injury-risk-in-group-strength-endurance-training-classes-video-guide-1260","Reap the benefits of high-intensity function training exercise while avoiding injury.","FXMed Team","Exercise & Fitness","5 min read","draft","","",""
"Why windows at work improve productivity [Video Guide]","why-windows-at-work-improve-productivity-video-guide-1261","Research shows that windows at work can help improve workers' productivity.","FXMed Team","General Wellness","5 min read","draft","","",""
"Boost optimism [Video Guide]","boost-optimism-video-guide-1262","If you are a negative thinker, you can teach yourself to make happiness a habit.","FXMed Team","Healthy Habits","5 min read","draft","","",""
"Figuring out fish oil [Video Guide]","figuring-out-fish-oil-video-guide-1263","Does fish oil really help reduce your risk of heart disease? Yes.","FXMed Team","Chronic Conditions","5 min read","draft","","",""
"Practical tips for a healthier winter [Video Guide]","practical-tips-for-a-healthier-winter-video-guide-1264","Avoid the blues and stay healthy during the winter.","FXMed Team","General Wellness","5 min read","draft","","",""
"Sitting at home is worse for your heart [Video Guide]","sitting-at-home-is-worse-for-your-heart-video-guide-1265","Sitting at home may be worse for your heart than sitting at work.","FXMed Team","Heart Health","5 min read","draft","","",""
"Updated exercise guidelines for cancer patients, survivors [Video Guide]","updated-exercise-guidelines-for-cancer-patients-survivors-video-guide-1266","Researchers have developed a new set of exercise guidelines for cancer patients and survivors.","FXMed Team","Exercise & Fitness","5 min read","draft","","",""
"Fat is not inert: it's active [Video Guide]","fat-is-not-inert-its-active-video-guide-1267","Losing even a little weight helps limit the damage fat actively causes to your blood vessels and body tissues when it releases harmful chemicals.","FXMed Team","General Wellness","5 min read","draft","","",""
"Is intermittent fasting a quick fix? [Video Guide]","is-intermittent-fasting-a-quick-fix-video-guide-1268","Fasting at certain times may reduce inflammation in the body but can cause malnutrition if not done the right way.","FXMed Team","Nutrition & Healthy Eating","5 min read","draft","","",""
"Nearly half of us adults projected to be obese by 2030 [Video Guide]","nearly-half-of-us-adults-projected-to-be-obese-by-2030-video-guide-1269","Small lifestyle changes can fight obesity and reduce the risk of diabetes, high blood pressure and other health conditions.","FXMed Team","Weight Management","5 min read","draft","","",""
"The four a's of food for heart health [Video Guide]","the-four-as-of-food-for-heart-health-video-guide-1270","You can help optimize your heart health by knowing the four ""A's"" -; foods to steer clear of.","FXMed Team","Nutrition & Healthy Eating","5 min read","draft","","",""
"Are plant-based burgers better for you? [Video Guide]","are-plant-based-burgers-better-for-you-video-guide-1271","Discover if meat alternatives are healthier for you than the real thing.","FXMed Team","General Wellness","5 min read","draft","","",""
"Lift your mood with light therapy [Video Guide]","lift-your-mood-with-light-therapy-video-guide-1272","An effective treatment for seasonal affective disorder (SAD) is exposure to artificial light or light therapy.","FXMed Team","Mental Health & Stress","5 min read","draft","","",""
"Should you wash your raw meats and vegetables before cooking? [Video Guide]","should-you-wash-your-raw-meats-and-vegetables-before-cooking-video-guide-1273","When it comes to food safety, it's important to keep the kitchen work area clean from bacteria and the possibility of cross-contamination.","FXMed Team","Nutrition & Healthy Eating","5 min read","draft","","",""
"Tips to pick healthier oils [Video Guide]","tips-to-pick-healthier-oils-video-guide-1274","Not all fats are created equal, and it's wise to choose healthier options whenever possible.","FXMed Team","General Wellness","5 min read","draft","","",""
"Avoiding overhead sports injuries [Video Guide]","avoiding-overhead-sports-injuries-video-guide-1275","Keep your elbows and shoulders safe while playing the sports you love.","FXMed Team","General Wellness","5 min read","draft","","",""
"Can diet help with inflammatory bowel disease? [Video Guide]","can-diet-help-with-inflammatory-bowel-disease-video-guide-1276","Some foods may reduce symptoms, but there is no one proven diet to control inflammation.","FXMed Team","Nutrition & Healthy Eating","5 min read","draft","","",""
"How to start a running routine [Video Guide]","how-to-start-a-running-routine-video-guide-1277","Running is a great way to work out and stay fit. Use these tips to get started and create a successful routine.","FXMed Team","General Wellness","5 min read","draft","","",""
"Landing a jump properly prevents injury [Video Guide]","landing-a-jump-properly-prevents-injury-video-guide-1278","For jumping athletes, such as football or basketball players, common injuries can come from not landing properly.","FXMed Team","General Wellness","5 min read","draft","","",""
"Pushing too hard in the gym could lead to serious condition [Video Guide]","pushing-too-hard-in-the-gym-could-lead-to-serious-condition-video-guide-1279","Understand what athletes at any level should know about rhabdomyolysis to steer clear of serious complications from intense workouts.","FXMed Team","Exercise & Fitness","5 min read","draft","","",""
"Recovering from sports injuries like a pro [Video Guide]","recovering-from-sports-injuries-like-a-pro-video-guide-1280","Understand what everyday athletes can do to speed up the recovery process after injury or surgery.","FXMed Team","General Wellness","5 min read","draft","","",""
"The right way to get your body flexible [Video Guide]","the-right-way-to-get-your-body-flexible-video-guide-1281","The old way of stretching before exercise may cause more harm than good.","FXMed Team","Exercise & Fitness","5 min read","draft","","",""
"Tips to avoid ‘weekend warrior athlete’ sports injuries [Video Guide]","tips-to-avoid-weekend-warrior-athlete-sports-injuries-video-guide-1282","Avoid common sports injuries.","FXMed Team","General Wellness","5 min read","draft","","",""
"How a southern diet is connected to chronic diseases [Video Guide]","how-a-southern-diet-is-connected-to-chronic-diseases-video-guide-1283","Southern cooking that's high in saturated fats, salts and sugar increases risk for heart disease, stroke and other conditions.","FXMed Team","Nutrition & Healthy Eating","5 min read","draft","","",""
"How losing an hour of sleep can affect your health [Video Guide]","how-losing-an-hour-of-sleep-can-affect-your-health-video-guide-1284","Losing an hour of sleep for daylight saving time can affect your body more than you think.","FXMed Team","Mental Health & Stress","5 min read","draft","","",""
"Muskmelons are full of flavor, nutrients [Video Guide]","muskmelons-are-full-of-flavor-nutrients-video-guide-1285","Muskmelons, like cantaloupes and honeydew, are sweet fruits full of flavor and nutrients.","FXMed Team","General Wellness","5 min read","draft","","",""
"Relationship between food, disease stronger than you may think [Video Guide]","relationship-between-food-disease-stronger-than-you-may-think-video-guide-1286","Eating an unhealthy diet can increase your risk of dying from heart disease, stroke, and Type 2 diabetes.","FXMed Team","Nutrition & Healthy Eating","5 min read","draft","","",""
"The role of cholesterol in heart health [Video Guide]","the-role-of-cholesterol-in-heart-health-video-guide-1287","Understand what cholesterol is, how it affects the heart, and how to control it.","FXMed Team","Heart Health","5 min read","draft","","",""
"What to consider before using melatonin supplements for sleep [Video Guide]","what-to-consider-before-using-melatonin-supplements-for-sleep-video-guide-1288","Discover if melatonin is right for you to assist you with sleep better.","FXMed Team","Mental Health & Stress","5 min read","draft","","",""
"What's the best sleeping position? [Video Guide]","whats-the-best-sleeping-position-video-guide-1289","A good night's sleep is often determined by what position you are lying in bed.","FXMed Team","Mental Health & Stress","5 min read","draft","","",""
